world_cup_year,match_id,stage,match_date,home_team,away_team,stadium,city,attendance,stadium_capacity,attendance_status,final_flag,extra_time_flag,penalty_flag,host_team_flag,opening_match_flag,avg_per_match_benchmark_m,final_benchmark_m,opening_benchmark_m,stage_weight,attendance_ratio,attendance_factor,host_factor,suspense_factor,raw_index,scale_factor,override_viewers_m,estimated_global_viewers_m,model_note,source_bridge
2010,2010_01,group stage,2010-06-11,South Africa,Mexico,Soccer City,Johannesburg,84490.0,84000,real_match_attendance,0,0,0,1,1,188.4,909.6,0.0,0.82,1.0058333333333334,1.15175,1.25,1.0,1.18054375,171.1086389255962,,202.00123425461933,Modeled from Layer A average-per-match benchmark; stage=group stage; host-team uplift; attendance-informed,Layer A global benchmarks + Dataset 1 attendance/match metadata
2010,2010_02,group stage,2010-06-11,Uruguay,France,Cape Town Stadium,Cape Town,64100.0,64000,real_match_attendance,0,0,0,0,0,188.4,909.6,0.0,0.82,1.0015625,1.15046875,1.0,1.0,0.9433843749999998,171.1086389255962,,161.4212163899242,Modeled from Layer A average-per-match benchmark; stage=group stage; attendance-informed,Layer A global benchmarks + Dataset 1 attendance/match metadata
2010,2010_03,group stage,2010-06-12,South Korea,Greece,Nelson Mandela Bay Stadium,Port Elizabeth,31513.0,42000,real_match_attendance,0,0,0,0,0,188.4,909.6,0.0,0.82,0.7503095238095238,1.075092857142857,1.0,1.0,0.8815761428571427,171.1086389255962,,150.84529391356264,Modeled from Layer A average-per-match benchmark; stage=group stage; attendance-informed,Layer A global benchmarks + Dataset 1 attendance/match metadata
2010,2010_04,group stage,2010-06-12,Argentina,Nigeria,Ellis Park Stadium,Johannesburg,55686.0,56000,real_match_attendance,0,0,0,0,0,188.4,909.6,0.0,0.82,0.9943928571428572,1.1483178571428572,1.0,1.0,0.9416206428571429,171.1086389255962,,161.11942658353064,Modeled from Layer A average-per-match benchmark; stage=group stage; attendance-informed,Layer A global benchmarks + Dataset 1 attendance/match metadata
2010,2010_05,group stage,2010-06-12,England,United States,Royal Bafokeng Stadium,Rustenburg,38646.0,42000,real_match_attendance,0,0,0,0,0,188.4,909.6,0.0,0.82,0.9201428571428572,1.1260428571428571,1.0,1.0,0.9233551428571428,171.1086389255962,,157.99404173923514,Modeled from Layer A average-per-match benchmark; stage=group stage; attendance-informed,Layer A global benchmarks + Dataset 1 attendance/match metadata
2010,2010_06,group stage,2010-06-13,Algeria,Slovenia,Peter Mokaba Stadium,Polokwane,30325.0,42000,real_match_attendance,0,0,0,0,0,188.4,909.6,0.0,0.82,0.7220238095238095,1.0666071428571429,1.0,1.0,0.8746178571428571,171.1086389255962,,149.65467111573582,Modeled from Layer A average-per-match benchmark; stage=group stage; attendance-informed,Layer A global benchmarks + Dataset 1 attendance/match metadata
2010,2010_07,group stage,2010-06-13,Serbia,Ghana,Loftus Versfeld Stadium,Pretoria,38833.0,43000,real_match_attendance,0,0,0,0,0,188.4,909.6,0.0,0.82,0.903093023255814,1.1209279069767442,1.0,1.0,0.9191608837209302,171.1086389255962,,157.27636776713658,Modeled from Layer A average-per-match benchmark; stage=group stage; attendance-informed,Layer A global benchmarks + Dataset 1 attendance/match metadata
2010,2010_08,group stage,2010-06-13,Germany,Australia,Moses Mabhida Stadium,Durban,62660.0,63000,real_match_attendance,0,0,0,0,0,188.4,909.6,0.0,0.82,0.9946031746031746,1.1483809523809523,1.0,1.0,0.9416723809523808,171.1086389255962,,161.12827941858743,Modeled from Layer A average-per-match benchmark; stage=group stage; attendance-informed,Layer A global benchmarks + Dataset 1 attendance/match metadata
2010,2010_09,group stage,2010-06-14,Netherlands,Denmark,Soccer City,Johannesburg,83465.0,84000,real_match_attendance,0,0,0,0,0,188.4,909.6,0.0,0.82,0.9936309523809523,1.1480892857142857,1.0,1.0,0.9414332142857142,171.1086389255962,,161.08735593577774,Modeled from Layer A average-per-match benchmark; stage=group stage; attendance-informed,Layer A global benchmarks + Dataset 1 attendance/match metadata
2010,2010_10,group stage,2010-06-14,Japan,Cameroon,Free State Stadium,Bloemfontein,30620.0,41000,real_match_attendance,0,0,0,0,0,188.4,909.6,0.0,0.82,0.7468292682926829,1.074048780487805,1.0,1.0,0.88072,171.1086389255962,,150.6988004745511,Modeled from Layer A average-per-match benchmark; stage=group stage; attendance-informed,Layer A global benchmarks + Dataset 1 attendance/match metadata
2010,2010_11,group stage,2010-06-14,Italy,Paraguay,Cape Town Stadium,Cape Town,62869.0,64000,real_match_attendance,0,0,0,0,0,188.4,909.6,0.0,0.82,0.982328125,1.1446984375,1.0,1.0,0.9386527187499999,171.1086389255962,,160.61158912912293,Modeled from Layer A average-per-match benchmark; stage=group stage; attendance-informed,Layer A global benchmarks + Dataset 1 attendance/match metadata
2010,2010_12,group stage,2010-06-15,New Zealand,Slovakia,Royal Bafokeng Stadium,Rustenburg,23871.0,42000,real_match_attendance,0,0,0,0,0,188.4,909.6,0.0,0.82,0.5683571428571429,1.0205071428571428,1.0,1.0,0.8368158571428571,171.1086389255962,,143.18642234707045,Modeled from Layer A average-per-match benchmark; stage=group stage; attendance-informed,Layer A global benchmarks + Dataset 1 attendance/match metadata
2010,2010_13,group stage,2010-06-15,Ivory Coast,Portugal,Nelson Mandela Bay Stadium,Port Elizabeth,37034.0,42000,real_match_attendance,0,0,0,0,0,188.4,909.6,0.0,0.82,0.8817619047619047,1.1145285714285713,1.0,1.0,0.9139134285714284,171.1086389255962,,156.37848285868222,Modeled from Layer A average-per-match benchmark; stage=group stage; attendance-informed,Layer A global benchmarks + Dataset 1 attendance/match metadata
2010,2010_14,group stage,2010-06-15,Brazil,North Korea,Ellis Park Stadium,Johannesburg,54331.0,56000,real_match_attendance,0,0,0,0,0,188.4,909.6,0.0,0.82,0.9701964285714286,1.1410589285714285,1.0,1.0,0.9356683214285714,171.1086389255962,,160.1009329654401,Modeled from Layer A average-per-match benchmark; stage=group stage; attendance-informed,Layer A global benchmarks + Dataset 1 attendance/match metadata
2010,2010_15,group stage,2010-06-16,Honduras,Chile,Mbombela Stadium,Nelspruit,32664.0,41000,real_match_attendance,0,0,0,0,0,188.4,909.6,0.0,0.82,0.7966829268292683,1.0890048780487804,1.0,1.0,0.8929839999999999,171.1086389255962,,152.7972768223346,Modeled from Layer A average-per-match benchmark; stage=group stage; attendance-informed,Layer A global benchmarks + Dataset 1 attendance/match metadata
2010,2010_16,group stage,2010-06-16,Spain,Switzerland,Moses Mabhida Stadium,Durban,62453.0,63000,real_match_attendance,0,0,0,0,0,188.4,909.6,0.0,0.82,0.9913174603174603,1.1473952380952381,1.0,1.0,0.9408640952380952,171.1086389255962,,160.989974750153,Modeled from Layer A average-per-match benchmark; stage=group stage; attendance-informed,Layer A global benchmarks + Dataset 1 attendance/match metadata
2010,2010_17,group stage,2010-06-16,South Africa,Uruguay,Loftus Versfeld Stadium,Pretoria,42658.0,43000,real_match_attendance,0,0,0,1,0,188.4,909.6,0.0,0.82,0.992046511627907,1.147613953488372,1.25,1.0,1.1763043023255813,171.1086389255962,,201.27582813325324,Modeled from Layer A average-per-match benchmark; stage=group stage; host-team uplift; attendance-informed,Layer A global benchmarks + Dataset 1 attendance/match metadata
2010,2010_18,group stage,2010-06-17,Argentina,South Korea,Soccer City,Johannesburg,82174.0,84000,real_match_attendance,0,0,0,0,0,188.4,909.6,0.0,0.82,0.9782619047619048,1.1434785714285713,1.0,1.0,0.9376524285714285,171.1086389255962,,160.44043083813696,Modeled from Layer A average-per-match benchmark; stage=group stage; attendance-informed,Layer A global benchmarks + Dataset 1 attendance/match metadata
2010,2010_19,group stage,2010-06-17,Greece,Nigeria,Free State Stadium,Bloemfontein,31593.0,41000,real_match_attendance,0,0,0,0,0,188.4,909.6,0.0,0.82,0.7705609756097561,1.0811682926829267,1.0,1.0,0.8865579999999998,171.1086389255962,,151.6977327085987,Modeled from Layer A average-per-match benchmark; stage=group stage; attendance-informed,Layer A global benchmarks + Dataset 1 attendance/match metadata
2010,2010_20,group stage,2010-06-17,France,Mexico,Peter Mokaba Stadium,Polokwane,35370.0,42000,real_match_attendance,0,0,0,0,0,188.4,909.6,0.0,0.82,0.8421428571428572,1.102642857142857,1.0,1.0,0.9041671428571427,171.1086389255962,,154.7108091755308,Modeled from Layer A average-per-match benchmark; stage=group stage; attendance-informed,Layer A global benchmarks + Dataset 1 attendance/match metadata
2010,2010_21,group stage,2010-06-18,Germany,Serbia,Nelson Mandela Bay Stadium,Port Elizabeth,38294.0,42000,real_match_attendance,0,0,0,0,0,188.4,909.6,0.0,0.82,0.9117619047619048,1.1235285714285714,1.0,1.0,0.9212934285714285,171.1086389255962,,157.64126461395313,Modeled from Layer A average-per-match benchmark; stage=group stage; attendance-informed,Layer A global benchmarks + Dataset 1 attendance/match metadata
2010,2010_22,group stage,2010-06-18,Slovenia,United States,Ellis Park Stadium,Johannesburg,45573.0,56000,real_match_attendance,0,0,0,0,0,188.4,909.6,0.0,0.82,0.8138035714285714,1.0941410714285713,1.0,1.0,0.8971956785714285,171.1086389255962,,153.51793141028384,Modeled from Layer A average-per-match benchmark; stage=group stage; attendance-informed,Layer A global benchmarks + Dataset 1 attendance/match metadata
2010,2010_23,group stage,2010-06-18,England,Algeria,Cape Town Stadium,Cape Town,64100.0,64000,real_match_attendance,0,0,0,0,0,188.4,909.6,0.0,0.82,1.0015625,1.15046875,1.0,1.0,0.9433843749999998,171.1086389255962,,161.4212163899242,Modeled from Layer A average-per-match benchmark; stage=group stage; attendance-informed,Layer A global benchmarks + Dataset 1 attendance/match metadata
2010,2010_24,group stage,2010-06-19,Netherlands,Japan,Moses Mabhida Stadium,Durban,62010.0,63000,real_match_attendance,0,0,0,0,0,188.4,909.6,0.0,0.82,0.9842857142857143,1.1452857142857142,1.0,1.0,0.9391342857142856,171.1086389255962,,160.6939893969334,Modeled from Layer A average-per-match benchmark; stage=group stage; attendance-informed,Layer A global benchmarks + Dataset 1 attendance/match metadata
2010,2010_25,group stage,2010-06-19,Ghana,Australia,Royal Bafokeng Stadium,Rustenburg,34812.0,42000,real_match_attendance,0,0,0,0,0,188.4,909.6,0.0,0.82,0.8288571428571428,1.0986571428571428,1.0,1.0,0.900898857142857,171.1086389255962,,154.1515772553394,Modeled from Layer A average-per-match benchmark; stage=group stage; attendance-informed,Layer A global benchmarks + Dataset 1 attendance/match metadata
2010,2010_26,group stage,2010-06-19,Cameroon,Denmark,Loftus Versfeld Stadium,Pretoria,38074.0,43000,real_match_attendance,0,0,0,0,0,188.4,909.6,0.0,0.82,0.8854418604651163,1.1156325581395348,1.0,1.0,0.9148186976744185,171.1086389255962,,156.53338222275625,Modeled from Layer A average-per-match benchmark; stage=group stage; attendance-informed,Layer A global benchmarks + Dataset 1 attendance/match metadata
2010,2010_27,group stage,2010-06-20,Slovakia,Paraguay,Free State Stadium,Bloemfontein,26643.0,41000,real_match_attendance,0,0,0,0,0,188.4,909.6,0.0,0.82,0.649829268292683,1.0449487804878048,1.0,1.0,0.8568579999999999,171.1086389255962,,146.6158061325085,Modeled from Layer A average-per-match benchmark; stage=group stage; attendance-informed,Layer A global benchmarks + Dataset 1 attendance/match metadata
2010,2010_28,group stage,2010-06-20,Italy,New Zealand,Mbombela Stadium,Nelspruit,38229.0,41000,real_match_attendance,0,0,0,0,0,188.4,909.6,0.0,0.82,0.9324146341463415,1.1297243902439025,1.0,1.0,0.926374,171.1086389255962,,158.51059427606026,Modeled from Layer A average-per-match benchmark; stage=group stage; attendance-informed,Layer A global benchmarks + Dataset 1 attendance/match metadata
2010,2010_29,group stage,2010-06-20,Brazil,Ivory Coast,Soccer City,Johannesburg,84455.0,84000,real_match_attendance,0,0,0,0,0,188.4,909.6,0.0,0.82,1.0054166666666666,1.151625,1.0,1.0,0.9443324999999999,171.1086389255962,,161.58344876820556,Modeled from Layer A average-per-match benchmark; stage=group stage; attendance-informed,Layer A global benchmarks + Dataset 1 attendance/match metadata
2010,2010_30,group stage,2010-06-21,Portugal,North Korea,Cape Town Stadium,Cape Town,63644.0,64000,real_match_attendance,0,0,0,0,0,188.4,909.6,0.0,0.82,0.9944375,1.14833125,1.0,1.0,0.941631625,171.1086389255962,,161.1213057230474,Modeled from Layer A average-per-match benchmark; stage=group stage; attendance-informed,Layer A global benchmarks + Dataset 1 attendance/match metadata
2010,2010_31,group stage,2010-06-21,Chile,Switzerland,Nelson Mandela Bay Stadium,Port Elizabeth,34872.0,42000,real_match_attendance,0,0,0,0,0,188.4,909.6,0.0,0.82,0.8302857142857143,1.0990857142857142,1.0,1.0,0.9012502857142856,171.1086389255962,,154.2117097198761,Modeled from Layer A average-per-match benchmark; stage=group stage; attendance-informed,Layer A global benchmarks + Dataset 1 attendance/match metadata
2010,2010_32,group stage,2010-06-21,Spain,Honduras,Ellis Park Stadium,Johannesburg,54386.0,56000,real_match_attendance,0,0,0,0,0,188.4,909.6,0.0,0.82,0.9711785714285714,1.1413535714285714,1.0,1.0,0.9359099285714285,171.1086389255962,,160.1422740348091,Modeled from Layer A average-per-match benchmark; stage=group stage; attendance-informed,Layer A global benchmarks + Dataset 1 attendance/match metadata
2010,2010_33,group stage,2010-06-22,France,South Africa,Free State Stadium,Bloemfontein,39415.0,41000,real_match_attendance,0,0,0,1,0,188.4,909.6,0.0,0.82,0.9613414634146341,1.1384024390243903,1.25,1.0,1.1668625000000001,171.1086389255962,,199.66025418831853,Modeled from Layer A average-per-match benchmark; stage=group stage; host-team uplift; attendance-informed,Layer A global benchmarks + Dataset 1 attendance/match metadata
2010,2010_34,group stage,2010-06-22,Mexico,Uruguay,Royal Bafokeng Stadium,Rustenburg,33425.0,42000,real_match_attendance,0,0,0,0,0,188.4,909.6,0.0,0.82,0.7958333333333333,1.0887499999999999,1.0,1.0,0.8927749999999999,171.1086389255962,,152.76151511679913,Modeled from Layer A average-per-match benchmark; stage=group stage; attendance-informed,Layer A global benchmarks + Dataset 1 attendance/match metadata
2010,2010_35,group stage,2010-06-22,Greece,Argentina,Peter Mokaba Stadium,Polokwane,38891.0,42000,real_match_attendance,0,0,0,0,0,188.4,909.6,0.0,0.82,0.9259761904761905,1.127792857142857,1.0,1.0,0.9247901428571427,171.1086389255962,,158.23958263609336,Modeled from Layer A average-per-match benchmark; stage=group stage; attendance-informed,Layer A global benchmarks + Dataset 1 attendance/match metadata
2010,2010_36,group stage,2010-06-22,Nigeria,South Korea,Moses Mabhida Stadium,Durban,61874.0,63000,real_match_attendance,0,0,0,0,0,188.4,909.6,0.0,0.82,0.9821269841269842,1.1446380952380952,1.0,1.0,0.938603238095238,171.1086389255962,,160.60312256163348,Modeled from Layer A average-per-match benchmark; stage=group stage; attendance-informed,Layer A global benchmarks + Dataset 1 attendance/match metadata
2010,2010_37,group stage,2010-06-23,Slovenia,England,Nelson Mandela Bay Stadium,Port Elizabeth,36893.0,42000,real_match_attendance,0,0,0,0,0,188.4,909.6,0.0,0.82,0.8784047619047619,1.1135214285714286,1.0,1.0,0.9130875714285713,171.1086389255962,,156.23717156702094,Modeled from Layer A average-per-match benchmark; stage=group stage; attendance-informed,Layer A global benchmarks + Dataset 1 attendance/match metadata
2010,2010_38,group stage,2010-06-23,United States,Algeria,Loftus Versfeld Stadium,Pretoria,35827.0,43000,real_match_attendance,0,0,0,0,0,188.4,909.6,0.0,0.82,0.8331860465116279,1.0999558139534884,1.0,1.0,0.9019637674418605,171.1086389255962,,154.33379260717973,Modeled from Layer A average-per-match benchmark; stage=group stage; attendance-informed,Layer A global benchmarks + Dataset 1 attendance/match metadata
2010,2010_39,group stage,2010-06-23,Australia,Serbia,Mbombela Stadium,Nelspruit,37836.0,41000,real_match_attendance,0,0,0,0,0,188.4,909.6,0.0,0.82,0.922829268292683,1.126848780487805,1.0,1.0,0.924016,171.1086389255962,,158.1071201054737,Modeled from Layer A average-per-match benchmark; stage=group stage; attendance-informed,Layer A global benchmarks + Dataset 1 attendance/match metadata
2010,2010_40,group stage,2010-06-23,Ghana,Germany,Soccer City,Johannesburg,83391.0,84000,real_match_attendance,0,0,0,0,0,188.4,909.6,0.0,0.82,0.99275,1.147825,1.0,1.0,0.9412165,171.1086389255962,,161.05027424931342,Modeled from Layer A average-per-match benchmark; stage=group stage; attendance-informed,Layer A global benchmarks + Dataset 1 attendance/match metadata
2010,2010_41,group stage,2010-06-24,Paraguay,New Zealand,Peter Mokaba Stadium,Polokwane,34850.0,42000,real_match_attendance,0,0,0,0,0,188.4,909.6,0.0,0.82,0.8297619047619048,1.0989285714285715,1.0,1.0,0.9011214285714285,171.1086389255962,,154.189661149546,Modeled from Layer A average-per-match benchmark; stage=group stage; attendance-informed,Layer A global benchmarks + Dataset 1 attendance/match metadata
2010,2010_42,group stage,2010-06-24,Slovakia,Italy,Ellis Park Stadium,Johannesburg,53412.0,56000,real_match_attendance,0,0,0,0,0,188.4,909.6,0.0,0.82,0.9537857142857142,1.1361357142857142,1.0,1.0,0.9316312857142857,171.1086389255962,,159.41016127907466,Modeled from Layer A average-per-match benchmark; stage=group stage; attendance-informed,Layer A global benchmarks + Dataset 1 attendance/match metadata
2010,2010_43,group stage,2010-06-24,Cameroon,Netherlands,Cape Town Stadium,Cape Town,63093.0,64000,real_match_attendance,0,0,0,0,0,188.4,909.6,0.0,0.82,0.985828125,1.1457484375,1.0,1.0,0.9395137187499999,171.1086389255962,,160.7589136672379,Modeled from Layer A average-per-match benchmark; stage=group stage; attendance-informed,Layer A global benchmarks + Dataset 1 attendance/match metadata
2010,2010_44,group stage,2010-06-24,Denmark,Japan,Royal Bafokeng Stadium,Rustenburg,27967.0,42000,real_match_attendance,0,0,0,0,0,188.4,909.6,0.0,0.82,0.6658809523809524,1.0497642857142857,1.0,1.0,0.8608067142857142,171.1086389255962,,147.29146525944313,Modeled from Layer A average-per-match benchmark; stage=group stage; attendance-informed,Layer A global benchmarks + Dataset 1 attendance/match metadata
2010,2010_45,group stage,2010-06-25,North Korea,Ivory Coast,Mbombela Stadium,Nelspruit,34763.0,41000,real_match_attendance,0,0,0,0,0,188.4,909.6,0.0,0.82,0.8478780487804878,1.1043634146341463,1.0,1.0,0.905578,171.1086389255962,,154.95221902096355,Modeled from Layer A average-per-match benchmark; stage=group stage; attendance-informed,Layer A global benchmarks + Dataset 1 attendance/match metadata
2010,2010_46,group stage,2010-06-25,Portugal,Brazil,Moses Mabhida Stadium,Durban,62712.0,63000,real_match_attendance,0,0,0,0,0,188.4,909.6,0.0,0.82,0.9954285714285714,1.1486285714285713,1.0,1.0,0.9418754285714285,171.1086389255962,,161.16302262031974,Modeled from Layer A average-per-match benchmark; stage=group stage; attendance-informed,Layer A global benchmarks + Dataset 1 attendance/match metadata
2010,2010_47,group stage,2010-06-25,Chile,Spain,Loftus Versfeld Stadium,Pretoria,41958.0,43000,real_match_attendance,0,0,0,0,0,188.4,909.6,0.0,0.82,0.9757674418604652,1.1427302325581394,1.0,1.0,0.9370387906976743,171.1086389255962,,160.33543209676566,Modeled from Layer A average-per-match benchmark; stage=group stage; attendance-informed,Layer A global benchmarks + Dataset 1 attendance/match metadata
2010,2010_48,group stage,2010-06-25,Switzerland,Honduras,Free State Stadium,Bloemfontein,28042.0,41000,real_match_attendance,0,0,0,0,0,188.4,909.6,0.0,0.82,0.6839512195121952,1.0551853658536585,1.0,1.0,0.8652519999999999,171.1086389255962,,148.05209204764995,Modeled from Layer A average-per-match benchmark; stage=group stage; attendance-informed,Layer A global benchmarks + Dataset 1 attendance/match metadata
2010,2010_49,round of 16,2010-06-26,Uruguay,South Korea,Nelson Mandela Bay Stadium,Port Elizabeth,30597.0,42000,real_match_attendance,0,0,0,0,0,188.4,909.6,0.0,1.05,0.7285,1.0685499999999999,1.0,1.0,1.1219774999999998,171.1086389255962,,191.9800429301431,Modeled from Layer A average-per-match benchmark; stage=round of 16; attendance-informed,Layer A global benchmarks + Dataset 1 attendance/match metadata
2010,2010_50,round of 16,2010-06-26,United States,Ghana,Royal Bafokeng Stadium,Rustenburg,34976.0,42000,real_match_attendance,0,1,0,0,0,188.4,909.6,0.0,1.05,0.8327619047619048,1.0998285714285714,1.0,1.08,1.2472056,171.1086389255962,,213.4076526763816,Modeled from Layer A average-per-match benchmark; stage=round of 16; attendance-informed,Layer A global benchmarks + Dataset 1 attendance/match metadata
2010,2010_51,round of 16,2010-06-27,Germany,England,Free State Stadium,Bloemfontein,40510.0,41000,real_match_attendance,0,0,0,0,0,188.4,909.6,0.0,1.05,0.9880487804878049,1.1464146341463415,1.0,1.0,1.2037353658536587,171.1086389255962,,205.96952007782414,Modeled from Layer A average-per-match benchmark; stage=round of 16; attendance-informed,Layer A global benchmarks + Dataset 1 attendance/match metadata
2010,2010_52,round of 16,2010-06-27,Argentina,Mexico,Soccer City,Johannesburg,84377.0,84000,real_match_attendance,0,0,0,0,0,188.4,909.6,0.0,1.05,1.0044880952380952,1.1513464285714285,1.0,1.0,1.20891375,171.1086389255962,,206.8555863409385,Modeled from Layer A average-per-match benchmark; stage=round of 16; attendance-informed,Layer A global benchmarks + Dataset 1 attendance/match metadata
2010,2010_53,round of 16,2010-06-28,Netherlands,Slovakia,Moses Mabhida Stadium,Durban,61962.0,63000,real_match_attendance,0,0,0,0,0,188.4,909.6,0.0,1.05,0.9835238095238096,1.1450571428571428,1.0,1.0,1.20231,171.1086389255962,,205.72562766663359,Modeled from Layer A average-per-match benchmark; stage=round of 16; attendance-informed,Layer A global benchmarks + Dataset 1 attendance/match metadata
2010,2010_54,round of 16,2010-06-28,Brazil,Chile,Ellis Park Stadium,Johannesburg,54096.0,56000,real_match_attendance,0,0,0,0,0,188.4,909.6,0.0,1.05,0.966,1.1398,1.0,1.0,1.19679,171.1086389255962,,204.7811079797643,Modeled from Layer A average-per-match benchmark; stage=round of 16; attendance-informed,Layer A global benchmarks + Dataset 1 attendance/match metadata
2010,2010_55,round of 16,2010-06-29,Paraguay,Japan,Loftus Versfeld Stadium,Pretoria,36742.0,43000,real_match_attendance,0,1,1,0,0,188.4,909.6,0.0,1.05,0.8544651162790697,1.1063395348837208,1.0,1.2000000000000002,1.3939878139534885,171.1086389255962,,238.52335752444864,Modeled from Layer A average-per-match benchmark; stage=round of 16; attendance-informed,Layer A global benchmarks + Dataset 1 attendance/match metadata
2010,2010_56,round of 16,2010-06-29,Spain,Portugal,Cape Town Stadium,Cape Town,62955.0,64000,real_match_attendance,0,0,0,0,0,188.4,909.6,0.0,1.05,0.983671875,1.1451015624999998,1.0,1.0,1.202356640625,171.1086389255962,,205.73360828049596,Modeled from Layer A average-per-match benchmark; stage=round of 16; attendance-informed,Layer A global benchmarks + Dataset 1 attendance/match metadata
2010,2010_57,quarter-finals,2010-07-02,Netherlands,Brazil,Nelson Mandela Bay Stadium,Port Elizabeth,40186.0,42000,real_match_attendance,0,0,0,0,0,188.4,909.6,0.0,1.25,0.9568095238095238,1.137042857142857,1.0,1.0,1.4213035714285713,171.1086389255962,,243.19731960723175,Modeled from Layer A average-per-match benchmark; stage=quarter-finals; attendance-informed,Layer A global benchmarks + Dataset 1 attendance/match metadata
2010,2010_58,quarter-finals,2010-07-02,Uruguay,Ghana,Soccer City,Johannesburg,84017.0,84000,real_match_attendance,0,1,1,0,0,188.4,909.6,0.0,1.25,1.000202380952381,1.1500607142857142,1.0,1.2000000000000002,1.7250910714285714,171.1086389255962,,295.1779852548413,Modeled from Layer A average-per-match benchmark; stage=quarter-finals; attendance-informed,Layer A global benchmarks + Dataset 1 attendance/match metadata
2010,2010_59,quarter-finals,2010-07-03,Argentina,Germany,Cape Town Stadium,Cape Town,64100.0,64000,real_match_attendance,0,0,0,0,0,188.4,909.6,0.0,1.25,1.0015625,1.15046875,1.0,1.0,1.4380859375,171.1086389255962,,246.068927423665,Modeled from Layer A average-per-match benchmark; stage=quarter-finals; attendance-informed,Layer A global benchmarks + Dataset 1 attendance/match metadata
2010,2010_60,quarter-finals,2010-07-03,Paraguay,Spain,Ellis Park Stadium,Johannesburg,55359.0,56000,real_match_attendance,0,0,0,0,0,188.4,909.6,0.0,1.25,0.9885535714285715,1.1465660714285715,1.0,1.0,1.4332075892857143,171.1086389255962,,245.2341999005135,Modeled from Layer A average-per-match benchmark; stage=quarter-finals; attendance-informed,Layer A global benchmarks + Dataset 1 attendance/match metadata
2010,2010_61,semi-finals,2010-07-06,Uruguay,Netherlands,Cape Town Stadium,Cape Town,62479.0,64000,real_match_attendance,0,0,0,0,0,188.4,909.6,0.0,1.55,0.976234375,1.1428703125,1.0,1.0,1.7714489843749999,171.1086389255962,,303.11022464253597,Modeled from Layer A average-per-match benchmark; stage=semi-finals; attendance-informed,Layer A global benchmarks + Dataset 1 attendance/match metadata
2010,2010_62,semi-finals,2010-07-07,Germany,Spain,Moses Mabhida Stadium,Durban,60960.0,63000,real_match_attendance,0,0,0,0,0,188.4,909.6,0.0,1.55,0.9676190476190476,1.1402857142857141,1.0,1.0,1.7674428571428569,171.1086389255962,,302.42474166448125,Modeled from Layer A average-per-match benchmark; stage=semi-finals; attendance-informed,Layer A global benchmarks + Dataset 1 attendance/match metadata
2010,2010_63,third-place match,2010-07-10,Uruguay,Germany,Nelson Mandela Bay Stadium,Port Elizabeth,36254.0,42000,real_match_attendance,0,0,0,0,0,188.4,909.6,0.0,0.95,0.8631904761904762,1.1089571428571428,1.0,1.0,1.0535092857142856,171.1086389255962,,180.26453997404846,Modeled from Layer A average-per-match benchmark; stage=third-place match; attendance-informed,Layer A global benchmarks + Dataset 1 attendance/match metadata
2010,2010_64,final,2010-07-11,Netherlands,Spain,Soccer City,Johannesburg,84490.0,84000,real_match_attendance,0,1,0,0,0,188.4,909.6,0.0,1.0,1.0058333333333334,1.15175,1.0,1.08,1.2438900000000002,171.1086389255962,,212.8403248731599,Modeled from Layer A average-per-match benchmark; stage=final; attendance-informed,Layer A global benchmarks + Dataset 1 attendance/match metadata
2014,2014_01,group stage,2014-06-12,Brazil,Croatia,Arena Corinthians,São Paulo,62103.0,63000,real_match_attendance,0,0,0,1,1,186.7,1010.0,0.0,0.82,0.9857619047619047,1.1457285714285714,1.25,1.0,1.1743717857142857,160.77321028481182,,188.8075220571928,Modeled from Layer A average-per-match benchmark; stage=group stage; host-team uplift; attendance-informed,Layer A global benchmarks + Dataset 1 attendance/match metadata
2014,2014_02,group stage,2014-06-13,Mexico,Cameroon,Arena das Dunas,Natal,39216.0,40000,real_match_attendance,0,0,0,0,0,186.7,1010.0,0.0,0.82,0.9804,1.14412,1.0,1.0,0.9381784,160.77321028481182,,150.8339531878683,Modeled from Layer A average-per-match benchmark; stage=group stage; attendance-informed,Layer A global benchmarks + Dataset 1 attendance/match metadata
2014,2014_03,group stage,2014-06-13,Spain,Netherlands,Arena Fonte Nova,Salvador,48173.0,52000,real_match_attendance,0,0,0,0,0,186.7,1010.0,0.0,0.82,0.9264038461538462,1.1279211538461538,1.0,1.0,0.924895346153846,160.77321028481182,,148.69839397863612,Modeled from Layer A average-per-match benchmark; stage=group stage; attendance-informed,Layer A global benchmarks + Dataset 1 attendance/match metadata
2014,2014_04,group stage,2014-06-13,Chile,Australia,Arena Pantanal,Cuiabá,40275.0,41000,real_match_attendance,0,0,0,0,0,186.7,1010.0,0.0,0.82,0.9823170731707317,1.1446951219512194,1.0,1.0,0.9386499999999999,160.77321028481182,,150.90977383383859,Modeled from Layer A average-per-match benchmark; stage=group stage; attendance-informed,Layer A global benchmarks + Dataset 1 attendance/match metadata
2014,2014_05,group stage,2014-06-14,Colombia,Greece,Estádio Mineirão,Belo Horizonte,57174.0,43000,real_match_attendance,0,0,0,0,0,186.7,1010.0,0.0,0.82,1.3296279069767443,1.2488883720930233,1.0,1.0,1.024088465116279,160.77321028481182,,164.6459901523897,Modeled from Layer A average-per-match benchmark; stage=group stage; attendance-informed,Layer A global benchmarks + Dataset 1 attendance/match metadata
2014,2014_06,group stage,2014-06-14,Uruguay,Costa Rica,Estádio Castelão,Fortaleza,58679.0,63000,real_match_attendance,0,0,0,0,0,186.7,1010.0,0.0,0.82,0.9314126984126984,1.1294238095238094,1.0,1.0,0.9261275238095237,160.77321028481182,,148.89649513598062,Modeled from Layer A average-per-match benchmark; stage=group stage; attendance-informed,Layer A global benchmarks + Dataset 1 attendance/match metadata
2014,2014_07,group stage,2014-06-14,England,Italy,Arena da Amazônia,Manaus,39800.0,41000,real_match_attendance,0,0,0,0,0,186.7,1010.0,0.0,0.82,0.9707317073170731,1.1412195121951219,1.0,1.0,0.9357999999999999,160.77321028481182,,150.45157018452687,Modeled from Layer A average-per-match benchmark; stage=group stage; attendance-informed,Layer A global benchmarks + Dataset 1 attendance/match metadata
2014,2014_08,group stage,2014-06-14,Ivory Coast,Japan,Arena Pernambuco,Recife,40267.0,43000,real_match_attendance,0,0,0,0,0,186.7,1010.0,0.0,0.82,0.9364418604651162,1.1309325581395349,1.0,1.0,0.9273646976744185,160.77321028481182,,149.09539954992024,Modeled from Layer A average-per-match benchmark; stage=group stage; attendance-informed,Layer A global benchmarks + Dataset 1 attendance/match metadata
2014,2014_09,group stage,2014-06-15,Switzerland,Ecuador,Estádio Nacional,Brasília,68351.0,70000,real_match_attendance,0,0,0,0,0,186.7,1010.0,0.0,0.82,0.9764428571428572,1.1429328571428572,1.0,1.0,0.9372049428571428,160.77321028481182,,150.67744735793647,Modeled from Layer A average-per-match benchmark; stage=group stage; attendance-informed,Layer A global benchmarks + Dataset 1 attendance/match metadata
2014,2014_10,group stage,2014-06-15,France,Honduras,Estádio Beira-Rio,Porto Alegre,43012.0,43000,real_match_attendance,0,0,0,0,0,186.7,1010.0,0.0,0.82,1.000279069767442,1.1500837209302326,1.0,1.0,0.9430686511627907,160.77321028481182,,151.6201745664092,Modeled from Layer A average-per-match benchmark; stage=group stage; attendance-informed,Layer A global benchmarks + Dataset 1 attendance/match metadata
2014,2014_11,group stage,2014-06-15,Argentina,Bosnia and Herzegovina,Estádio do Maracanã,Rio de Janeiro,74738.0,200000,real_match_attendance,0,0,0,0,0,186.7,1010.0,0.0,0.82,0.37369,0.9621069999999999,1.0,1.0,0.7889277399999999,160.77321028481182,,126.83844544254133,Modeled from Layer A average-per-match benchmark; stage=group stage; attendance-informed,Layer A global benchmarks + Dataset 1 attendance/match metadata
2014,2014_12,group stage,2014-06-16,Germany,Portugal,Arena Fonte Nova,Salvador,51081.0,52000,real_match_attendance,0,0,0,0,0,186.7,1010.0,0.0,0.82,0.982326923076923,1.1446980769230768,1.0,1.0,0.9386524230769229,160.77321028481182,,150.91016339969428,Modeled from Layer A average-per-match benchmark; stage=group stage; attendance-informed,Layer A global benchmarks + Dataset 1 attendance/match metadata
2014,2014_13,group stage,2014-06-16,Iran,Nigeria,Arena da Baixada,Curitiba,39081.0,40000,real_match_attendance,0,0,0,0,0,186.7,1010.0,0.0,0.82,0.977025,1.1431075,1.0,1.0,0.9373481499999999,160.77321028481182,,150.70047123002934,Modeled from Layer A average-per-match benchmark; stage=group stage; attendance-informed,Layer A global benchmarks + Dataset 1 attendance/match metadata
2014,2014_14,group stage,2014-06-16,Ghana,United States,Arena das Dunas,Natal,39760.0,40000,real_match_attendance,0,0,0,0,0,186.7,1010.0,0.0,0.82,0.994,1.1481999999999999,1.0,1.0,0.9415239999999998,160.77321028481182,,151.37183604019714,Modeled from Layer A average-per-match benchmark; stage=group stage; attendance-informed,Layer A global benchmarks + Dataset 1 attendance/match metadata
2014,2014_15,group stage,2014-06-17,Belgium,Algeria,Estádio Mineirão,Belo Horizonte,56800.0,43000,real_match_attendance,0,0,0,0,0,186.7,1010.0,0.0,0.82,1.3209302325581396,1.246279069767442,1.0,1.0,1.0219488372093024,160.77321028481182,,164.3019953049701,Modeled from Layer A average-per-match benchmark; stage=group stage; attendance-informed,Layer A global benchmarks + Dataset 1 attendance/match metadata
2014,2014_16,group stage,2014-06-17,Brazil,Mexico,Estádio Castelão,Fortaleza,60342.0,63000,real_match_attendance,0,0,0,1,0,186.7,1010.0,0.0,0.82,0.9578095238095238,1.137342857142857,1.25,1.0,1.1657764285714283,160.77321028481182,,187.42561889579116,Modeled from Layer A average-per-match benchmark; stage=group stage; host-team uplift; attendance-informed,Layer A global benchmarks + Dataset 1 attendance/match metadata
2014,2014_17,group stage,2014-06-17,Russia,South Korea,Arena Pantanal,Cuiabá,37603.0,41000,real_match_attendance,0,0,0,0,0,186.7,1010.0,0.0,0.82,0.9171463414634147,1.1251439024390244,1.0,1.0,0.9226179999999999,160.77321028481182,,148.3322577265525,Modeled from Layer A average-per-match benchmark; stage=group stage; attendance-informed,Layer A global benchmarks + Dataset 1 attendance/match metadata
2014,2014_18,group stage,2014-06-18,Australia,Netherlands,Estádio Beira-Rio,Porto Alegre,42877.0,43000,real_match_attendance,0,0,0,0,0,186.7,1010.0,0.0,0.82,0.997139534883721,1.1491418604651162,1.0,1.0,0.9422963255813953,160.77321028481182,,151.49600530330318,Modeled from Layer A average-per-match benchmark; stage=group stage; attendance-informed,Layer A global benchmarks + Dataset 1 attendance/match metadata
2014,2014_19,group stage,2014-06-18,Spain,Chile,Estádio do Maracanã,Rio de Janeiro,74101.0,200000,real_match_attendance,0,0,0,0,0,186.7,1010.0,0.0,0.82,0.370505,0.9611514999999999,1.0,1.0,0.7881442299999999,160.77321028481182,,126.71247802455107,Modeled from Layer A average-per-match benchmark; stage=group stage; attendance-informed,Layer A global benchmarks + Dataset 1 attendance/match metadata
2014,2014_20,group stage,2014-06-18,Cameroon,Croatia,Arena da Amazônia,Manaus,39982.0,41000,real_match_attendance,0,0,0,0,0,186.7,1010.0,0.0,0.82,0.975170731707317,1.1425512195121952,1.0,1.0,0.936892,160.77321028481182,,150.62713453015792,Modeled from Layer A average-per-match benchmark; stage=group stage; attendance-informed,Layer A global benchmarks + Dataset 1 attendance/match metadata
2014,2014_21,group stage,2014-06-19,Colombia,Ivory Coast,Estádio Nacional,Brasília,68748.0,70000,real_match_attendance,0,0,0,0,0,186.7,1010.0,0.0,0.82,0.9821142857142857,1.1446342857142857,1.0,1.0,0.9386001142857142,160.77321028481182,,150.90175354740555,Modeled from Layer A average-per-match benchmark; stage=group stage; attendance-informed,Layer A global benchmarks + Dataset 1 attendance/match metadata
2014,2014_22,group stage,2014-06-19,Uruguay,England,Arena Corinthians,São Paulo,62575.0,63000,real_match_attendance,0,0,0,0,0,186.7,1010.0,0.0,0.82,0.9932539682539683,1.1479761904761905,1.0,1.0,0.9413404761904761,160.77321028481182,,151.3423303281763,Modeled from Layer A average-per-match benchmark; stage=group stage; attendance-informed,Layer A global benchmarks + Dataset 1 attendance/match metadata
2014,2014_23,group stage,2014-06-19,Japan,Greece,Arena das Dunas,Natal,39485.0,40000,real_match_attendance,0,0,0,0,0,186.7,1010.0,0.0,0.82,0.987125,1.1461375,1.0,1.0,0.93983275,160.77321028481182,,151.09992834830297,Modeled from Layer A average-per-match benchmark; stage=group stage; attendance-informed,Layer A global benchmarks + Dataset 1 attendance/match metadata
2014,2014_24,group stage,2014-06-20,Italy,Costa Rica,Arena Pernambuco,Recife,40285.0,43000,real_match_attendance,0,0,0,0,0,186.7,1010.0,0.0,0.82,0.9368604651162791,1.1310581395348838,1.0,1.0,0.9274676744186047,160.77321028481182,,149.1119554516677,Modeled from Layer A average-per-match benchmark; stage=group stage; attendance-informed,Layer A global benchmarks + Dataset 1 attendance/match metadata
2014,2014_25,group stage,2014-06-20,Switzerland,France,Arena Fonte Nova,Salvador,51003.0,52000,real_match_attendance,0,0,0,0,0,186.7,1010.0,0.0,0.82,0.9808269230769231,1.144248076923077,1.0,1.0,0.938283423076923,160.77321028481182,,150.8508380850992,Modeled from Layer A average-per-match benchmark; stage=group stage; attendance-informed,Layer A global benchmarks + Dataset 1 attendance/match metadata
2014,2014_26,group stage,2014-06-20,Honduras,Ecuador,Arena da Baixada,Curitiba,39224.0,40000,real_match_attendance,0,0,0,0,0,186.7,1010.0,0.0,0.82,0.9806,1.14418,1.0,1.0,0.9382275999999999,160.77321028481182,,150.8418632298143,Modeled from Layer A average-per-match benchmark; stage=group stage; attendance-informed,Layer A global benchmarks + Dataset 1 attendance/match metadata
2014,2014_27,group stage,2014-06-21,Argentina,Iran,Estádio Mineirão,Belo Horizonte,57698.0,43000,real_match_attendance,0,0,0,0,0,186.7,1010.0,0.0,0.82,1.3418139534883722,1.2525441860465116,1.0,1.0,1.0270862325581396,160.77321028481182,,165.1279508477049,Modeled from Layer A average-per-match benchmark; stage=group stage; attendance-informed,Layer A global benchmarks + Dataset 1 attendance/match metadata
2014,2014_28,group stage,2014-06-21,Germany,Ghana,Estádio Castelão,Fortaleza,59621.0,63000,real_match_attendance,0,0,0,0,0,186.7,1010.0,0.0,0.82,0.9463650793650794,1.1339095238095238,1.0,1.0,0.9298058095238094,160.77321028481182,,149.4878649386111,Modeled from Layer A average-per-match benchmark; stage=group stage; attendance-informed,Layer A global benchmarks + Dataset 1 attendance/match metadata
2014,2014_29,group stage,2014-06-21,Nigeria,Bosnia and Herzegovina,Arena Pantanal,Cuiabá,40499.0,41000,real_match_attendance,0,0,0,0,0,186.7,1010.0,0.0,0.82,0.987780487804878,1.1463341463414634,1.0,1.0,0.9399939999999999,160.77321028481182,,151.1258530284614,Modeled from Layer A average-per-match benchmark; stage=group stage; attendance-informed,Layer A global benchmarks + Dataset 1 attendance/match metadata
2014,2014_30,group stage,2014-06-22,Belgium,Russia,Estádio do Maracanã,Rio de Janeiro,73819.0,200000,real_match_attendance,0,0,0,0,0,186.7,1010.0,0.0,0.82,0.369095,0.9607285,1.0,1.0,0.7877973699999999,160.77321028481182,,126.6567122288317,Modeled from Layer A average-per-match benchmark; stage=group stage; attendance-informed,Layer A global benchmarks + Dataset 1 attendance/match metadata
2014,2014_31,group stage,2014-06-22,South Korea,Algeria,Estádio Beira-Rio,Porto Alegre,42732.0,43000,real_match_attendance,0,0,0,0,0,186.7,1010.0,0.0,0.82,0.9937674418604651,1.1481302325581395,1.0,1.0,0.9414667906976744,160.77321028481182,,151.36263831700413,Modeled from Layer A average-per-match benchmark; stage=group stage; attendance-informed,Layer A global benchmarks + Dataset 1 attendance/match metadata
2014,2014_32,group stage,2014-06-22,United States,Portugal,Arena da Amazônia,Manaus,40123.0,41000,real_match_attendance,0,0,0,0,0,186.7,1010.0,0.0,0.82,0.978609756097561,1.1435829268292683,1.0,1.0,0.937738,160.77321028481182,,150.76314866605887,Modeled from Layer A average-per-match benchmark; stage=group stage; attendance-informed,Layer A global benchmarks + Dataset 1 attendance/match metadata
2014,2014_33,group stage,2014-06-23,Australia,Spain,Arena da Baixada,Curitiba,39375.0,40000,real_match_attendance,0,0,0,0,0,186.7,1010.0,0.0,0.82,0.984375,1.1453125,1.0,1.0,0.9391562499999999,160.77321028481182,,150.9911652715453,Modeled from Layer A average-per-match benchmark; stage=group stage; attendance-informed,Layer A global benchmarks + Dataset 1 attendance/match metadata
2014,2014_34,group stage,2014-06-23,Netherlands,Chile,Arena Corinthians,São Paulo,62996.0,63000,real_match_attendance,0,0,0,0,0,186.7,1010.0,0.0,0.82,0.9999365079365079,1.1499809523809523,1.0,1.0,0.9429843809523808,160.77321028481182,,151.60662617415022,Modeled from Layer A average-per-match benchmark; stage=group stage; attendance-informed,Layer A global benchmarks + Dataset 1 attendance/match metadata
2014,2014_35,group stage,2014-06-23,Cameroon,Brazil,Estádio Nacional,Brasília,69112.0,70000,real_match_attendance,0,0,0,1,0,186.7,1010.0,0.0,0.82,0.9873142857142857,1.1461942857142857,1.25,1.0,1.1748491428571428,160.77321028481182,,188.88426829750236,Modeled from Layer A average-per-match benchmark; stage=group stage; host-team uplift; attendance-informed,Layer A global benchmarks + Dataset 1 attendance/match metadata
2014,2014_36,group stage,2014-06-23,Croatia,Mexico,Arena Pernambuco,Recife,41212.0,43000,real_match_attendance,0,0,0,0,0,186.7,1010.0,0.0,0.82,0.9584186046511628,1.1375255813953489,1.0,1.0,0.932770976744186,160.77321028481182,,149.96458439166233,Modeled from Layer A average-per-match benchmark; stage=group stage; attendance-informed,Layer A global benchmarks + Dataset 1 attendance/match metadata
2014,2014_37,group stage,2014-06-24,Costa Rica,England,Estádio Mineirão,Belo Horizonte,57823.0,43000,real_match_attendance,0,0,0,0,0,186.7,1010.0,0.0,0.82,1.3447209302325582,1.2534162790697674,1.0,1.0,1.027801348837209,160.77321028481182,,165.24292238761785,Modeled from Layer A average-per-match benchmark; stage=group stage; attendance-informed,Layer A global benchmarks + Dataset 1 attendance/match metadata
2014,2014_38,group stage,2014-06-24,Italy,Uruguay,Arena das Dunas,Natal,39706.0,40000,real_match_attendance,0,0,0,0,0,186.7,1010.0,0.0,0.82,0.99265,1.147795,1.0,1.0,0.9411918999999999,160.77321028481182,,151.31844325706155,Modeled from Layer A average-per-match benchmark; stage=group stage; attendance-informed,Layer A global benchmarks + Dataset 1 attendance/match metadata
2014,2014_39,group stage,2014-06-24,Japan,Colombia,Arena Pantanal,Cuiabá,40340.0,41000,real_match_attendance,0,0,0,0,0,186.7,1010.0,0.0,0.82,0.9839024390243902,1.145170731707317,1.0,1.0,0.9390399999999999,160.77321028481182,,150.97247538584966,Modeled from Layer A average-per-match benchmark; stage=group stage; attendance-informed,Layer A global benchmarks + Dataset 1 attendance/match metadata
2014,2014_40,group stage,2014-06-24,Greece,Ivory Coast,Estádio Castelão,Fortaleza,59095.0,63000,real_match_attendance,0,0,0,0,0,186.7,1010.0,0.0,0.82,0.938015873015873,1.1314047619047618,1.0,1.0,0.9277519047619046,160.77321028481182,,149.1576520764204,Modeled from Layer A average-per-match benchmark; stage=group stage; attendance-informed,Layer A global benchmarks + Dataset 1 attendance/match metadata
2014,2014_41,group stage,2014-06-25,Bosnia and Herzegovina,Iran,Arena Fonte Nova,Salvador,48011.0,52000,real_match_attendance,0,0,0,0,0,186.7,1010.0,0.0,0.82,0.9232884615384616,1.1269865384615385,1.0,1.0,0.9241289615384616,160.77321028481182,,148.57517986370786,Modeled from Layer A average-per-match benchmark; stage=group stage; attendance-informed,Layer A global benchmarks + Dataset 1 attendance/match metadata
2014,2014_42,group stage,2014-06-25,Nigeria,Argentina,Estádio Beira-Rio,Porto Alegre,43285.0,43000,real_match_attendance,0,0,0,0,0,186.7,1010.0,0.0,0.82,1.006627906976744,1.1519883720930233,1.0,1.0,0.944630465116279,160.77321028481182,,151.87127240957912,Modeled from Layer A average-per-match benchmark; stage=group stage; attendance-informed,Layer A global benchmarks + Dataset 1 attendance/match metadata
2014,2014_43,group stage,2014-06-25,Honduras,Switzerland,Arena da Amazônia,Manaus,40322.0,41000,real_match_attendance,0,0,0,0,0,186.7,1010.0,0.0,0.82,0.9834634146341463,1.1450390243902437,1.0,1.0,0.9389319999999998,160.77321028481182,,150.9551118791389,Modeled from Layer A average-per-match benchmark; stage=group stage; attendance-informed,Layer A global benchmarks + Dataset 1 attendance/match metadata
2014,2014_44,group stage,2014-06-25,Ecuador,France,Estádio do Maracanã,Rio de Janeiro,73749.0,200000,real_match_attendance,0,0,0,0,0,186.7,1010.0,0.0,0.82,0.368745,0.9606235,1.0,1.0,0.78771127,160.77321028481182,,126.64286965542618,Modeled from Layer A average-per-match benchmark; stage=group stage; attendance-informed,Layer A global benchmarks + Dataset 1 attendance/match metadata
2014,2014_45,group stage,2014-06-26,Portugal,Ghana,Estádio Nacional,Brasília,67540.0,70000,real_match_attendance,0,0,0,0,0,186.7,1010.0,0.0,0.82,0.9648571428571429,1.1394571428571427,1.0,1.0,0.9343548571428569,160.77321028481182,,150.21922992806384,Modeled from Layer A average-per-match benchmark; stage=group stage; attendance-informed,Layer A global benchmarks + Dataset 1 attendance/match metadata
2014,2014_46,group stage,2014-06-26,United States,Germany,Arena Pernambuco,Recife,41876.0,43000,real_match_attendance,0,0,0,0,0,186.7,1010.0,0.0,0.82,0.9738604651162791,1.1421581395348837,1.0,1.0,0.9365696744186045,160.77321028481182,,150.57531321168005,Modeled from Layer A average-per-match benchmark; stage=group stage; attendance-informed,Layer A global benchmarks + Dataset 1 attendance/match metadata
2014,2014_47,group stage,2014-06-26,Algeria,Russia,Arena da Baixada,Curitiba,39311.0,40000,real_match_attendance,0,0,0,0,0,186.7,1010.0,0.0,0.82,0.982775,1.1448325,1.0,1.0,0.9387626499999999,160.77321028481182,,150.9278849359772,Modeled from Layer A average-per-match benchmark; stage=group stage; attendance-informed,Layer A global benchmarks + Dataset 1 attendance/match metadata
2014,2014_48,group stage,2014-06-26,South Korea,Belgium,Arena Corinthians,São Paulo,61397.0,63000,real_match_attendance,0,0,0,0,0,186.7,1010.0,0.0,0.82,0.9745555555555555,1.1423666666666668,1.0,1.0,0.9367406666666667,160.77321028481182,,150.60280418433481,Modeled from Layer A average-per-match benchmark; stage=group stage; attendance-informed,Layer A global benchmarks + Dataset 1 attendance/match metadata
2014,2014_49,round of 16,2014-06-28,Brazil,Chile,Estádio Mineirão,Belo Horizonte,57714.0,43000,real_match_attendance,0,1,1,1,0,186.7,1010.0,0.0,1.05,1.342186046511628,1.2526558139534885,1.25,1.2000000000000002,1.9729329069767447,160.77321028481182,,317.19475713119726,Modeled from Layer A average-per-match benchmark; stage=round of 16; host-team uplift; attendance-informed,Layer A global benchmarks + Dataset 1 attendance/match metadata
2014,2014_50,round of 16,2014-06-28,Colombia,Uruguay,Estádio do Maracanã,Rio de Janeiro,73804.0,200000,real_match_attendance,0,0,0,0,0,186.7,1010.0,0.0,1.05,0.36902,0.960706,1.0,1.0,1.0087413,160.77321028481182,,162.17857714787445,Modeled from Layer A average-per-match benchmark; stage=round of 16; attendance-informed,Layer A global benchmarks + Dataset 1 attendance/match metadata
2014,2014_51,round of 16,2014-06-29,Netherlands,Mexico,Estádio Castelão,Fortaleza,58817.0,63000,real_match_attendance,0,0,0,0,0,186.7,1010.0,0.0,1.05,0.9336031746031747,1.1300809523809523,1.0,1.0,1.186585,160.77321028481182,,190.77107972580345,Modeled from Layer A average-per-match benchmark; stage=round of 16; attendance-informed,Layer A global benchmarks + Dataset 1 attendance/match metadata
2014,2014_52,round of 16,2014-06-29,Costa Rica,Greece,Arena Pernambuco,Recife,41242.0,43000,real_match_attendance,0,1,1,0,0,186.7,1010.0,0.0,1.05,0.9591162790697675,1.1377348837209302,1.0,1.2000000000000002,1.4335459534883723,160.77321028481182,,230.47578503312715,Modeled from Layer A average-per-match benchmark; stage=round of 16; attendance-informed,Layer A global benchmarks + Dataset 1 attendance/match metadata
2014,2014_53,round of 16,2014-06-30,France,Nigeria,Estádio Nacional,Brasília,67882.0,70000,real_match_attendance,0,0,0,0,0,186.7,1010.0,0.0,1.05,0.9697428571428571,1.1409228571428571,1.0,1.0,1.197969,160.77321028481182,,192.60132195168575,Modeled from Layer A average-per-match benchmark; stage=round of 16; attendance-informed,Layer A global benchmarks + Dataset 1 attendance/match metadata
2014,2014_54,round of 16,2014-06-30,Germany,Algeria,Estádio Beira-Rio,Porto Alegre,43063.0,43000,real_match_attendance,0,1,0,0,0,186.7,1010.0,0.0,1.05,1.0014651162790698,1.1504395348837209,1.0,1.08,1.3045984325581397,160.77321028481182,,209.74447813490568,Modeled from Layer A average-per-match benchmark; stage=round of 16; attendance-informed,Layer A global benchmarks + Dataset 1 attendance/match metadata
2014,2014_55,round of 16,2014-07-01,Argentina,Switzerland,Arena Corinthians,São Paulo,63255.0,63000,real_match_attendance,0,1,0,0,0,186.7,1010.0,0.0,1.05,1.004047619047619,1.1512142857142857,1.0,1.08,1.3054770000000002,160.77321028481182,,209.88572824298532,Modeled from Layer A average-per-match benchmark; stage=round of 16; attendance-informed,Layer A global benchmarks + Dataset 1 attendance/match metadata
2014,2014_56,round of 16,2014-07-01,Belgium,United States,Arena Fonte Nova,Salvador,51227.0,52000,real_match_attendance,0,1,0,0,0,186.7,1010.0,0.0,1.05,0.9851346153846153,1.1455403846153844,1.0,1.08,1.299042796153846,160.77321028481182,,208.85128063501222,Modeled from Layer A average-per-match benchmark; stage=round of 16; attendance-informed,Layer A global benchmarks + Dataset 1 attendance/match metadata
2014,2014_57,quarter-finals,2014-07-04,France,Germany,Estádio do Maracanã,Rio de Janeiro,74240.0,200000,real_match_attendance,0,0,0,0,0,186.7,1010.0,0.0,1.25,0.3712,0.96136,1.0,1.0,1.2017,160.77321028481182,,193.20116679925837,Modeled from Layer A average-per-match benchmark; stage=quarter-finals; attendance-informed,Layer A global benchmarks + Dataset 1 attendance/match metadata
2014,2014_58,quarter-finals,2014-07-04,Brazil,Colombia,Estádio Castelão,Fortaleza,60342.0,63000,real_match_attendance,0,0,0,1,0,186.7,1010.0,0.0,1.25,0.9578095238095238,1.137342857142857,1.25,1.0,1.777098214285714,160.77321028481182,,285.70978490212065,Modeled from Layer A average-per-match benchmark; stage=quarter-finals; host-team uplift; attendance-informed,Layer A global benchmarks + Dataset 1 attendance/match metadata
2014,2014_59,quarter-finals,2014-07-05,Argentina,Belgium,Estádio Nacional,Brasília,68551.0,70000,real_match_attendance,0,0,0,0,0,186.7,1010.0,0.0,1.25,0.9793,1.14379,1.0,1.0,1.4297375,160.77321028481182,,229.86348773958116,Modeled from Layer A average-per-match benchmark; stage=quarter-finals; attendance-informed,Layer A global benchmarks + Dataset 1 attendance/match metadata
2014,2014_60,quarter-finals,2014-07-05,Netherlands,Costa Rica,Arena Fonte Nova,Salvador,51179.0,52000,real_match_attendance,0,1,1,0,0,186.7,1010.0,0.0,1.25,0.9842115384615384,1.1452634615384616,1.0,1.2000000000000002,1.7178951923076926,160.77321028481182,,276.1915250001519,Modeled from Layer A average-per-match benchmark; stage=quarter-finals; attendance-informed,Layer A global benchmarks + Dataset 1 attendance/match metadata
2014,2014_61,semi-finals,2014-07-08,Brazil,Germany,Estádio Mineirão,Belo Horizonte,58141.0,43000,real_match_attendance,0,0,0,1,0,186.7,1010.0,0.0,1.55,1.3521162790697674,1.2556348837209301,1.25,1.0,2.432792587209302,160.77321028481182,,391.1278742027325,Modeled from Layer A average-per-match benchmark; stage=semi-finals; host-team uplift; attendance-informed,Layer A global benchmarks + Dataset 1 attendance/match metadata
2014,2014_62,semi-finals,2014-07-09,Netherlands,Argentina,Arena Corinthians,São Paulo,63267.0,63000,real_match_attendance,0,1,1,0,0,186.7,1010.0,0.0,1.55,1.0042380952380952,1.1512714285714285,1.0,1.2000000000000002,2.1413648571428574,160.77321028481182,,344.27410247393465,Modeled from Layer A average-per-match benchmark; stage=semi-finals; attendance-informed,Layer A global benchmarks + Dataset 1 attendance/match metadata
2014,2014_63,third-place match,2014-07-12,Brazil,Netherlands,Estádio Nacional,Brasília,68034.0,70000,real_match_attendance,0,0,0,1,0,186.7,1010.0,0.0,0.95,0.9719142857142857,1.1415742857142857,1.25,1.0,1.3556194642857142,160.77321028481182,,217.94729319779108,Modeled from Layer A average-per-match benchmark; stage=third-place match; host-team uplift; attendance-informed,Layer A global benchmarks + Dataset 1 attendance/match metadata
2014,2014_64,final,2014-07-13,Germany,Argentina,Estádio do Maracanã,Rio de Janeiro,74738.0,200000,real_match_attendance,0,1,0,0,0,186.7,1010.0,0.0,1.0,0.37369,0.9621069999999999,1.0,1.08,1.03907556,160.77321028481182,,167.05551350968858,Modeled from Layer A average-per-match benchmark; stage=final; attendance-informed,Layer A global benchmarks + Dataset 1 attendance/match metadata
2018,2018_01,group stage,2018-06-14,Russia,Saudi Arabia,Luzhniki Stadium,Moscow,,78000,pending_match_level_source,0,0,0,1,1,191.0,1120.0,0.0,0.82,,1.0,1.25,1.0,1.025,187.90401732832436,,192.60161776153245,Modeled from Layer A average-per-match benchmark; stage=group stage; host-team uplift; no match attendance available,Layer A global benchmarks + Dataset 1 attendance/match metadata
2018,2018_02,group stage,2018-06-15,Egypt,Uruguay,Central Stadium,Yekaterinburg,,33000,pending_match_level_source,0,0,0,0,0,191.0,1120.0,0.0,0.82,,1.0,1.0,1.0,0.82,187.90401732832436,,154.08129420922597,Modeled from Layer A average-per-match benchmark; stage=group stage; no match attendance available,Layer A global benchmarks + Dataset 1 attendance/match metadata
2018,2018_03,group stage,2018-06-15,Morocco,Iran,Krestovsky Stadium,Saint Petersburg,,64000,pending_match_level_source,0,0,0,0,0,191.0,1120.0,0.0,0.82,,1.0,1.0,1.0,0.82,187.90401732832436,,154.08129420922597,Modeled from Layer A average-per-match benchmark; stage=group stage; no match attendance available,Layer A global benchmarks + Dataset 1 attendance/match metadata
2018,2018_04,group stage,2018-06-15,Portugal,Spain,Fisht Olympic Stadium,Sochi,,44000,pending_match_level_source,0,0,0,0,0,191.0,1120.0,0.0,0.82,,1.0,1.0,1.0,0.82,187.90401732832436,,154.08129420922597,Modeled from Layer A average-per-match benchmark; stage=group stage; no match attendance available,Layer A global benchmarks + Dataset 1 attendance/match metadata
2018,2018_05,group stage,2018-06-16,France,Australia,Kazan Arena,Kazan,,43000,pending_match_level_source,0,0,0,0,0,191.0,1120.0,0.0,0.82,,1.0,1.0,1.0,0.82,187.90401732832436,,154.08129420922597,Modeled from Layer A average-per-match benchmark; stage=group stage; no match attendance available,Layer A global benchmarks + Dataset 1 attendance/match metadata
2018,2018_06,group stage,2018-06-16,Argentina,Iceland,Otkritie Arena,Moscow,,44000,pending_match_level_source,0,0,0,0,0,191.0,1120.0,0.0,0.82,,1.0,1.0,1.0,0.82,187.90401732832436,,154.08129420922597,Modeled from Layer A average-per-match benchmark; stage=group stage; no match attendance available,Layer A global benchmarks + Dataset 1 attendance/match metadata
2018,2018_07,group stage,2018-06-16,Peru,Denmark,Mordovia Arena,Saransk,,42000,pending_match_level_source,0,0,0,0,0,191.0,1120.0,0.0,0.82,,1.0,1.0,1.0,0.82,187.90401732832436,,154.08129420922597,Modeled from Layer A average-per-match benchmark; stage=group stage; no match attendance available,Layer A global benchmarks + Dataset 1 attendance/match metadata
2018,2018_08,group stage,2018-06-16,Croatia,Nigeria,Kaliningrad Stadium,Kaliningrad,,34000,pending_match_level_source,0,0,0,0,0,191.0,1120.0,0.0,0.82,,1.0,1.0,1.0,0.82,187.90401732832436,,154.08129420922597,Modeled from Layer A average-per-match benchmark; stage=group stage; no match attendance available,Layer A global benchmarks + Dataset 1 attendance/match metadata
2018,2018_09,group stage,2018-06-17,Costa Rica,Serbia,Samara Arena,Samara,,42000,pending_match_level_source,0,0,0,0,0,191.0,1120.0,0.0,0.82,,1.0,1.0,1.0,0.82,187.90401732832436,,154.08129420922597,Modeled from Layer A average-per-match benchmark; stage=group stage; no match attendance available,Layer A global benchmarks + Dataset 1 attendance/match metadata
2018,2018_10,group stage,2018-06-17,Germany,Mexico,Luzhniki Stadium,Moscow,,78000,pending_match_level_source,0,0,0,0,0,191.0,1120.0,0.0,0.82,,1.0,1.0,1.0,0.82,187.90401732832436,,154.08129420922597,Modeled from Layer A average-per-match benchmark; stage=group stage; no match attendance available,Layer A global benchmarks + Dataset 1 attendance/match metadata
2018,2018_11,group stage,2018-06-17,Brazil,Switzerland,Rostov Arena,Rostov-on-Don,,43000,pending_match_level_source,0,0,0,0,0,191.0,1120.0,0.0,0.82,,1.0,1.0,1.0,0.82,187.90401732832436,,154.08129420922597,Modeled from Layer A average-per-match benchmark; stage=group stage; no match attendance available,Layer A global benchmarks + Dataset 1 attendance/match metadata
2018,2018_12,group stage,2018-06-18,Sweden,South Korea,Nizhny Novgorod Stadium,Nizhny Novgorod,,43000,pending_match_level_source,0,0,0,0,0,191.0,1120.0,0.0,0.82,,1.0,1.0,1.0,0.82,187.90401732832436,,154.08129420922597,Modeled from Layer A average-per-match benchmark; stage=group stage; no match attendance available,Layer A global benchmarks + Dataset 1 attendance/match metadata
2018,2018_13,group stage,2018-06-18,Belgium,Panama,Fisht Olympic Stadium,Sochi,,44000,pending_match_level_source,0,0,0,0,0,191.0,1120.0,0.0,0.82,,1.0,1.0,1.0,0.82,187.90401732832436,,154.08129420922597,Modeled from Layer A average-per-match benchmark; stage=group stage; no match attendance available,Layer A global benchmarks + Dataset 1 attendance/match metadata
2018,2018_14,group stage,2018-06-18,Tunisia,England,Volgograd Arena,Volgograd,,44000,pending_match_level_source,0,0,0,0,0,191.0,1120.0,0.0,0.82,,1.0,1.0,1.0,0.82,187.90401732832436,,154.08129420922597,Modeled from Layer A average-per-match benchmark; stage=group stage; no match attendance available,Layer A global benchmarks + Dataset 1 attendance/match metadata
2018,2018_15,group stage,2018-06-19,Colombia,Japan,Mordovia Arena,Saransk,,42000,pending_match_level_source,0,0,0,0,0,191.0,1120.0,0.0,0.82,,1.0,1.0,1.0,0.82,187.90401732832436,,154.08129420922597,Modeled from Layer A average-per-match benchmark; stage=group stage; no match attendance available,Layer A global benchmarks + Dataset 1 attendance/match metadata
2018,2018_16,group stage,2018-06-19,Poland,Senegal,Otkritie Arena,Moscow,,44000,pending_match_level_source,0,0,0,0,0,191.0,1120.0,0.0,0.82,,1.0,1.0,1.0,0.82,187.90401732832436,,154.08129420922597,Modeled from Layer A average-per-match benchmark; stage=group stage; no match attendance available,Layer A global benchmarks + Dataset 1 attendance/match metadata
2018,2018_17,group stage,2018-06-19,Russia,Egypt,Krestovsky Stadium,Saint Petersburg,,64000,pending_match_level_source,0,0,0,1,0,191.0,1120.0,0.0,0.82,,1.0,1.25,1.0,1.025,187.90401732832436,,192.60161776153245,Modeled from Layer A average-per-match benchmark; stage=group stage; host-team uplift; no match attendance available,Layer A global benchmarks + Dataset 1 attendance/match metadata
2018,2018_18,group stage,2018-06-20,Portugal,Morocco,Luzhniki Stadium,Moscow,,78000,pending_match_level_source,0,0,0,0,0,191.0,1120.0,0.0,0.82,,1.0,1.0,1.0,0.82,187.90401732832436,,154.08129420922597,Modeled from Layer A average-per-match benchmark; stage=group stage; no match attendance available,Layer A global benchmarks + Dataset 1 attendance/match metadata
2018,2018_19,group stage,2018-06-20,Uruguay,Saudi Arabia,Rostov Arena,Rostov-on-Don,,43000,pending_match_level_source,0,0,0,0,0,191.0,1120.0,0.0,0.82,,1.0,1.0,1.0,0.82,187.90401732832436,,154.08129420922597,Modeled from Layer A average-per-match benchmark; stage=group stage; no match attendance available,Layer A global benchmarks + Dataset 1 attendance/match metadata
2018,2018_20,group stage,2018-06-20,Iran,Spain,Kazan Arena,Kazan,,43000,pending_match_level_source,0,0,0,0,0,191.0,1120.0,0.0,0.82,,1.0,1.0,1.0,0.82,187.90401732832436,,154.08129420922597,Modeled from Layer A average-per-match benchmark; stage=group stage; no match attendance available,Layer A global benchmarks + Dataset 1 attendance/match metadata
2018,2018_21,group stage,2018-06-21,Denmark,Australia,Samara Arena,Samara,,42000,pending_match_level_source,0,0,0,0,0,191.0,1120.0,0.0,0.82,,1.0,1.0,1.0,0.82,187.90401732832436,,154.08129420922597,Modeled from Layer A average-per-match benchmark; stage=group stage; no match attendance available,Layer A global benchmarks + Dataset 1 attendance/match metadata
2018,2018_22,group stage,2018-06-21,France,Peru,Central Stadium,Yekaterinburg,,33000,pending_match_level_source,0,0,0,0,0,191.0,1120.0,0.0,0.82,,1.0,1.0,1.0,0.82,187.90401732832436,,154.08129420922597,Modeled from Layer A average-per-match benchmark; stage=group stage; no match attendance available,Layer A global benchmarks + Dataset 1 attendance/match metadata
2018,2018_23,group stage,2018-06-21,Argentina,Croatia,Nizhny Novgorod Stadium,Nizhny Novgorod,,43000,pending_match_level_source,0,0,0,0,0,191.0,1120.0,0.0,0.82,,1.0,1.0,1.0,0.82,187.90401732832436,,154.08129420922597,Modeled from Layer A average-per-match benchmark; stage=group stage; no match attendance available,Layer A global benchmarks + Dataset 1 attendance/match metadata
2018,2018_24,group stage,2018-06-22,Brazil,Costa Rica,Krestovsky Stadium,Saint Petersburg,,64000,pending_match_level_source,0,0,0,0,0,191.0,1120.0,0.0,0.82,,1.0,1.0,1.0,0.82,187.90401732832436,,154.08129420922597,Modeled from Layer A average-per-match benchmark; stage=group stage; no match attendance available,Layer A global benchmarks + Dataset 1 attendance/match metadata
2018,2018_25,group stage,2018-06-22,Nigeria,Iceland,Volgograd Arena,Volgograd,,44000,pending_match_level_source,0,0,0,0,0,191.0,1120.0,0.0,0.82,,1.0,1.0,1.0,0.82,187.90401732832436,,154.08129420922597,Modeled from Layer A average-per-match benchmark; stage=group stage; no match attendance available,Layer A global benchmarks + Dataset 1 attendance/match metadata
2018,2018_26,group stage,2018-06-22,Serbia,Switzerland,Kaliningrad Stadium,Kaliningrad,,34000,pending_match_level_source,0,0,0,0,0,191.0,1120.0,0.0,0.82,,1.0,1.0,1.0,0.82,187.90401732832436,,154.08129420922597,Modeled from Layer A average-per-match benchmark; stage=group stage; no match attendance available,Layer A global benchmarks + Dataset 1 attendance/match metadata
2018,2018_27,group stage,2018-06-23,Belgium,Tunisia,Otkritie Arena,Moscow,,44000,pending_match_level_source,0,0,0,0,0,191.0,1120.0,0.0,0.82,,1.0,1.0,1.0,0.82,187.90401732832436,,154.08129420922597,Modeled from Layer A average-per-match benchmark; stage=group stage; no match attendance available,Layer A global benchmarks + Dataset 1 attendance/match metadata
2018,2018_28,group stage,2018-06-23,South Korea,Mexico,Rostov Arena,Rostov-on-Don,,43000,pending_match_level_source,0,0,0,0,0,191.0,1120.0,0.0,0.82,,1.0,1.0,1.0,0.82,187.90401732832436,,154.08129420922597,Modeled from Layer A average-per-match benchmark; stage=group stage; no match attendance available,Layer A global benchmarks + Dataset 1 attendance/match metadata
2018,2018_29,group stage,2018-06-23,Germany,Sweden,Fisht Olympic Stadium,Sochi,,44000,pending_match_level_source,0,0,0,0,0,191.0,1120.0,0.0,0.82,,1.0,1.0,1.0,0.82,187.90401732832436,,154.08129420922597,Modeled from Layer A average-per-match benchmark; stage=group stage; no match attendance available,Layer A global benchmarks + Dataset 1 attendance/match metadata
2018,2018_30,group stage,2018-06-24,England,Panama,Nizhny Novgorod Stadium,Nizhny Novgorod,,43000,pending_match_level_source,0,0,0,0,0,191.0,1120.0,0.0,0.82,,1.0,1.0,1.0,0.82,187.90401732832436,,154.08129420922597,Modeled from Layer A average-per-match benchmark; stage=group stage; no match attendance available,Layer A global benchmarks + Dataset 1 attendance/match metadata
2018,2018_31,group stage,2018-06-24,Japan,Senegal,Central Stadium,Yekaterinburg,,33000,pending_match_level_source,0,0,0,0,0,191.0,1120.0,0.0,0.82,,1.0,1.0,1.0,0.82,187.90401732832436,,154.08129420922597,Modeled from Layer A average-per-match benchmark; stage=group stage; no match attendance available,Layer A global benchmarks + Dataset 1 attendance/match metadata
2018,2018_32,group stage,2018-06-24,Poland,Colombia,Kazan Arena,Kazan,,43000,pending_match_level_source,0,0,0,0,0,191.0,1120.0,0.0,0.82,,1.0,1.0,1.0,0.82,187.90401732832436,,154.08129420922597,Modeled from Layer A average-per-match benchmark; stage=group stage; no match attendance available,Layer A global benchmarks + Dataset 1 attendance/match metadata
2018,2018_33,group stage,2018-06-25,Saudi Arabia,Egypt,Volgograd Arena,Volgograd,,44000,pending_match_level_source,0,0,0,0,0,191.0,1120.0,0.0,0.82,,1.0,1.0,1.0,0.82,187.90401732832436,,154.08129420922597,Modeled from Layer A average-per-match benchmark; stage=group stage; no match attendance available,Layer A global benchmarks + Dataset 1 attendance/match metadata
2018,2018_34,group stage,2018-06-25,Uruguay,Russia,Samara Arena,Samara,,42000,pending_match_level_source,0,0,0,1,0,191.0,1120.0,0.0,0.82,,1.0,1.25,1.0,1.025,187.90401732832436,,192.60161776153245,Modeled from Layer A average-per-match benchmark; stage=group stage; host-team uplift; no match attendance available,Layer A global benchmarks + Dataset 1 attendance/match metadata
2018,2018_35,group stage,2018-06-25,Spain,Morocco,Kaliningrad Stadium,Kaliningrad,,34000,pending_match_level_source,0,0,0,0,0,191.0,1120.0,0.0,0.82,,1.0,1.0,1.0,0.82,187.90401732832436,,154.08129420922597,Modeled from Layer A average-per-match benchmark; stage=group stage; no match attendance available,Layer A global benchmarks + Dataset 1 attendance/match metadata
2018,2018_36,group stage,2018-06-25,Iran,Portugal,Mordovia Arena,Saransk,,42000,pending_match_level_source,0,0,0,0,0,191.0,1120.0,0.0,0.82,,1.0,1.0,1.0,0.82,187.90401732832436,,154.08129420922597,Modeled from Layer A average-per-match benchmark; stage=group stage; no match attendance available,Layer A global benchmarks + Dataset 1 attendance/match metadata
2018,2018_37,group stage,2018-06-26,Australia,Peru,Fisht Olympic Stadium,Sochi,,44000,pending_match_level_source,0,0,0,0,0,191.0,1120.0,0.0,0.82,,1.0,1.0,1.0,0.82,187.90401732832436,,154.08129420922597,Modeled from Layer A average-per-match benchmark; stage=group stage; no match attendance available,Layer A global benchmarks + Dataset 1 attendance/match metadata
2018,2018_38,group stage,2018-06-26,Denmark,France,Luzhniki Stadium,Moscow,,78000,pending_match_level_source,0,0,0,0,0,191.0,1120.0,0.0,0.82,,1.0,1.0,1.0,0.82,187.90401732832436,,154.08129420922597,Modeled from Layer A average-per-match benchmark; stage=group stage; no match attendance available,Layer A global benchmarks + Dataset 1 attendance/match metadata
2018,2018_39,group stage,2018-06-26,Iceland,Croatia,Rostov Arena,Rostov-on-Don,,43000,pending_match_level_source,0,0,0,0,0,191.0,1120.0,0.0,0.82,,1.0,1.0,1.0,0.82,187.90401732832436,,154.08129420922597,Modeled from Layer A average-per-match benchmark; stage=group stage; no match attendance available,Layer A global benchmarks + Dataset 1 attendance/match metadata
2018,2018_40,group stage,2018-06-26,Nigeria,Argentina,Krestovsky Stadium,Saint Petersburg,,64000,pending_match_level_source,0,0,0,0,0,191.0,1120.0,0.0,0.82,,1.0,1.0,1.0,0.82,187.90401732832436,,154.08129420922597,Modeled from Layer A average-per-match benchmark; stage=group stage; no match attendance available,Layer A global benchmarks + Dataset 1 attendance/match metadata
2018,2018_41,group stage,2018-06-27,South Korea,Germany,Kazan Arena,Kazan,,43000,pending_match_level_source,0,0,0,0,0,191.0,1120.0,0.0,0.82,,1.0,1.0,1.0,0.82,187.90401732832436,,154.08129420922597,Modeled from Layer A average-per-match benchmark; stage=group stage; no match attendance available,Layer A global benchmarks + Dataset 1 attendance/match metadata
2018,2018_42,group stage,2018-06-27,Mexico,Sweden,Central Stadium,Yekaterinburg,,33000,pending_match_level_source,0,0,0,0,0,191.0,1120.0,0.0,0.82,,1.0,1.0,1.0,0.82,187.90401732832436,,154.08129420922597,Modeled from Layer A average-per-match benchmark; stage=group stage; no match attendance available,Layer A global benchmarks + Dataset 1 attendance/match metadata
2018,2018_43,group stage,2018-06-27,Serbia,Brazil,Otkritie Arena,Moscow,,44000,pending_match_level_source,0,0,0,0,0,191.0,1120.0,0.0,0.82,,1.0,1.0,1.0,0.82,187.90401732832436,,154.08129420922597,Modeled from Layer A average-per-match benchmark; stage=group stage; no match attendance available,Layer A global benchmarks + Dataset 1 attendance/match metadata
2018,2018_44,group stage,2018-06-27,Switzerland,Costa Rica,Nizhny Novgorod Stadium,Nizhny Novgorod,,43000,pending_match_level_source,0,0,0,0,0,191.0,1120.0,0.0,0.82,,1.0,1.0,1.0,0.82,187.90401732832436,,154.08129420922597,Modeled from Layer A average-per-match benchmark; stage=group stage; no match attendance available,Layer A global benchmarks + Dataset 1 attendance/match metadata
2018,2018_45,group stage,2018-06-28,Japan,Poland,Volgograd Arena,Volgograd,,44000,pending_match_level_source,0,0,0,0,0,191.0,1120.0,0.0,0.82,,1.0,1.0,1.0,0.82,187.90401732832436,,154.08129420922597,Modeled from Layer A average-per-match benchmark; stage=group stage; no match attendance available,Layer A global benchmarks + Dataset 1 attendance/match metadata
2018,2018_46,group stage,2018-06-28,Senegal,Colombia,Samara Arena,Samara,,42000,pending_match_level_source,0,0,0,0,0,191.0,1120.0,0.0,0.82,,1.0,1.0,1.0,0.82,187.90401732832436,,154.08129420922597,Modeled from Layer A average-per-match benchmark; stage=group stage; no match attendance available,Layer A global benchmarks + Dataset 1 attendance/match metadata
2018,2018_47,group stage,2018-06-28,England,Belgium,Kaliningrad Stadium,Kaliningrad,,34000,pending_match_level_source,0,0,0,0,0,191.0,1120.0,0.0,0.82,,1.0,1.0,1.0,0.82,187.90401732832436,,154.08129420922597,Modeled from Layer A average-per-match benchmark; stage=group stage; no match attendance available,Layer A global benchmarks + Dataset 1 attendance/match metadata
2018,2018_48,group stage,2018-06-28,Panama,Tunisia,Mordovia Arena,Saransk,,42000,pending_match_level_source,0,0,0,0,0,191.0,1120.0,0.0,0.82,,1.0,1.0,1.0,0.82,187.90401732832436,,154.08129420922597,Modeled from Layer A average-per-match benchmark; stage=group stage; no match attendance available,Layer A global benchmarks + Dataset 1 attendance/match metadata
2018,2018_49,round of 16,2018-06-30,France,Argentina,Kazan Arena,Kazan,,43000,pending_match_level_source,0,0,0,0,0,191.0,1120.0,0.0,1.05,,1.0,1.0,1.0,1.05,187.90401732832436,,197.29921819474058,Modeled from Layer A average-per-match benchmark; stage=round of 16; no match attendance available,Layer A global benchmarks + Dataset 1 attendance/match metadata
2018,2018_50,round of 16,2018-06-30,Uruguay,Portugal,Fisht Olympic Stadium,Sochi,,44000,pending_match_level_source,0,0,0,0,0,191.0,1120.0,0.0,1.05,,1.0,1.0,1.0,1.05,187.90401732832436,,197.29921819474058,Modeled from Layer A average-per-match benchmark; stage=round of 16; no match attendance available,Layer A global benchmarks + Dataset 1 attendance/match metadata
2018,2018_51,round of 16,2018-07-01,Spain,Russia,Luzhniki Stadium,Moscow,,78000,pending_match_level_source,0,1,1,1,0,191.0,1120.0,0.0,1.05,,1.0,1.25,1.2000000000000002,1.5750000000000002,187.90401732832436,,295.9488272921109,Modeled from Layer A average-per-match benchmark; stage=round of 16; host-team uplift; no match attendance available,Layer A global benchmarks + Dataset 1 attendance/match metadata
2018,2018_52,round of 16,2018-07-01,Croatia,Denmark,Nizhny Novgorod Stadium,Nizhny Novgorod,,43000,pending_match_level_source,0,1,1,0,0,191.0,1120.0,0.0,1.05,,1.0,1.0,1.2000000000000002,1.2600000000000002,187.90401732832436,,236.75906183368875,Modeled from Layer A average-per-match benchmark; stage=round of 16; no match attendance available,Layer A global benchmarks + Dataset 1 attendance/match metadata
2018,2018_53,round of 16,2018-07-02,Brazil,Mexico,Samara Arena,Samara,,42000,pending_match_level_source,0,0,0,0,0,191.0,1120.0,0.0,1.05,,1.0,1.0,1.0,1.05,187.90401732832436,,197.29921819474058,Modeled from Layer A average-per-match benchmark; stage=round of 16; no match attendance available,Layer A global benchmarks + Dataset 1 attendance/match metadata
2018,2018_54,round of 16,2018-07-02,Belgium,Japan,Rostov Arena,Rostov-on-Don,,43000,pending_match_level_source,0,0,0,0,0,191.0,1120.0,0.0,1.05,,1.0,1.0,1.0,1.05,187.90401732832436,,197.29921819474058,Modeled from Layer A average-per-match benchmark; stage=round of 16; no match attendance available,Layer A global benchmarks + Dataset 1 attendance/match metadata
2018,2018_55,round of 16,2018-07-03,Sweden,Switzerland,Krestovsky Stadium,Saint Petersburg,,64000,pending_match_level_source,0,0,0,0,0,191.0,1120.0,0.0,1.05,,1.0,1.0,1.0,1.05,187.90401732832436,,197.29921819474058,Modeled from Layer A average-per-match benchmark; stage=round of 16; no match attendance available,Layer A global benchmarks + Dataset 1 attendance/match metadata
2018,2018_56,round of 16,2018-07-03,Colombia,England,Otkritie Arena,Moscow,,44000,pending_match_level_source,0,1,1,0,0,191.0,1120.0,0.0,1.05,,1.0,1.0,1.2000000000000002,1.2600000000000002,187.90401732832436,,236.75906183368875,Modeled from Layer A average-per-match benchmark; stage=round of 16; no match attendance available,Layer A global benchmarks + Dataset 1 attendance/match metadata
2018,2018_57,quarter-finals,2018-07-06,Uruguay,France,Nizhny Novgorod Stadium,Nizhny Novgorod,,43000,pending_match_level_source,0,0,0,0,0,191.0,1120.0,0.0,1.25,,1.0,1.0,1.0,1.25,187.90401732832436,,234.88002166040545,Modeled from Layer A average-per-match benchmark; stage=quarter-finals; no match attendance available,Layer A global benchmarks + Dataset 1 attendance/match metadata
2018,2018_58,quarter-finals,2018-07-06,Brazil,Belgium,Kazan Arena,Kazan,,43000,pending_match_level_source,0,0,0,0,0,191.0,1120.0,0.0,1.25,,1.0,1.0,1.0,1.25,187.90401732832436,,234.88002166040545,Modeled from Layer A average-per-match benchmark; stage=quarter-finals; no match attendance available,Layer A global benchmarks + Dataset 1 attendance/match metadata
2018,2018_59,quarter-finals,2018-07-07,Sweden,England,Samara Arena,Samara,,42000,pending_match_level_source,0,0,0,0,0,191.0,1120.0,0.0,1.25,,1.0,1.0,1.0,1.25,187.90401732832436,,234.88002166040545,Modeled from Layer A average-per-match benchmark; stage=quarter-finals; no match attendance available,Layer A global benchmarks + Dataset 1 attendance/match metadata
2018,2018_60,quarter-finals,2018-07-07,Russia,Croatia,Fisht Olympic Stadium,Sochi,,44000,pending_match_level_source,0,1,1,1,0,191.0,1120.0,0.0,1.25,,1.0,1.25,1.2000000000000002,1.8750000000000002,187.90401732832436,,352.3200324906082,Modeled from Layer A average-per-match benchmark; stage=quarter-finals; host-team uplift; no match attendance available,Layer A global benchmarks + Dataset 1 attendance/match metadata
2018,2018_61,semi-finals,2018-07-10,France,Belgium,Krestovsky Stadium,Saint Petersburg,,64000,pending_match_level_source,0,0,0,0,0,191.0,1120.0,0.0,1.55,,1.0,1.0,1.0,1.55,187.90401732832436,,291.2512268589028,Modeled from Layer A average-per-match benchmark; stage=semi-finals; no match attendance available,Layer A global benchmarks + Dataset 1 attendance/match metadata
2018,2018_62,semi-finals,2018-07-11,Croatia,England,Luzhniki Stadium,Moscow,,78000,pending_match_level_source,0,1,0,0,0,191.0,1120.0,0.0,1.55,,1.0,1.0,1.08,1.6740000000000002,187.90401732832436,,314.551325007615,Modeled from Layer A average-per-match benchmark; stage=semi-finals; no match attendance available,Layer A global benchmarks + Dataset 1 attendance/match metadata
2018,2018_63,third-place match,2018-07-14,Belgium,England,Krestovsky Stadium,Saint Petersburg,,64000,pending_match_level_source,0,0,0,0,0,191.0,1120.0,0.0,0.95,,1.0,1.0,1.0,0.95,187.90401732832436,,178.50881646190814,Modeled from Layer A average-per-match benchmark; stage=third-place match; no match attendance available,Layer A global benchmarks + Dataset 1 attendance/match metadata
2018,2018_64,final,2018-07-15,France,Croatia,Luzhniki Stadium,Moscow,,78000,pending_match_level_source,0,0,0,0,0,191.0,1120.0,0.0,1.0,,1.0,1.0,1.0,1.0,187.90401732832436,,187.90401732832436,Modeled from Layer A average-per-match benchmark; stage=final; no match attendance available,Layer A global benchmarks + Dataset 1 attendance/match metadata
2022,2022_01,group stage,2022-11-20,Qatar,Ecuador,Al Bayt Stadium,Al Khor,,69000,pending_match_level_source,0,0,0,1,1,175.0,1500.0,550.0,0.82,,1.0,1.25,1.0,1.025,156.3568010936432,550.0,550.0,Benchmark override from Layer A opening-match audience,Layer A global benchmarks + Dataset 1 attendance/match metadata
2022,2022_02,group stage,2022-11-21,England,Iran,Khalifa International Stadium,Al Rayyan,,46000,pending_match_level_source,0,0,0,0,0,175.0,1500.0,550.0,0.82,,1.0,1.0,1.0,0.82,156.3568010936432,,128.21257689678743,Modeled from Layer A average-per-match benchmark; stage=group stage; no match attendance available,Layer A global benchmarks + Dataset 1 attendance/match metadata
2022,2022_03,group stage,2022-11-21,Senegal,Netherlands,Al Thumama Stadium,Doha,,44000,pending_match_level_source,0,0,0,0,0,175.0,1500.0,550.0,0.82,,1.0,1.0,1.0,0.82,156.3568010936432,,128.21257689678743,Modeled from Layer A average-per-match benchmark; stage=group stage; no match attendance available,Layer A global benchmarks + Dataset 1 attendance/match metadata
2022,2022_04,group stage,2022-11-21,United States,Wales,Ahmad bin Ali Stadium,Al Rayyan,,45000,pending_match_level_source,0,0,0,0,0,175.0,1500.0,550.0,0.82,,1.0,1.0,1.0,0.82,156.3568010936432,,128.21257689678743,Modeled from Layer A average-per-match benchmark; stage=group stage; no match attendance available,Layer A global benchmarks + Dataset 1 attendance/match metadata
2022,2022_05,group stage,2022-11-22,Argentina,Saudi Arabia,Lusail Stadium,Lusail,,89000,pending_match_level_source,0,0,0,0,0,175.0,1500.0,550.0,0.82,,1.0,1.0,1.0,0.82,156.3568010936432,,128.21257689678743,Modeled from Layer A average-per-match benchmark; stage=group stage; no match attendance available,Layer A global benchmarks + Dataset 1 attendance/match metadata
2022,2022_06,group stage,2022-11-22,Denmark,Tunisia,Education City Stadium,Al Rayyan,,45000,pending_match_level_source,0,0,0,0,0,175.0,1500.0,550.0,0.82,,1.0,1.0,1.0,0.82,156.3568010936432,,128.21257689678743,Modeled from Layer A average-per-match benchmark; stage=group stage; no match attendance available,Layer A global benchmarks + Dataset 1 attendance/match metadata
2022,2022_07,group stage,2022-11-22,Mexico,Poland,Stadium 974,Doha,,44000,pending_match_level_source,0,0,0,0,0,175.0,1500.0,550.0,0.82,,1.0,1.0,1.0,0.82,156.3568010936432,,128.21257689678743,Modeled from Layer A average-per-match benchmark; stage=group stage; no match attendance available,Layer A global benchmarks + Dataset 1 attendance/match metadata
2022,2022_08,group stage,2022-11-22,France,Australia,Al Janoub Stadium,Al Wakrah,,44000,pending_match_level_source,0,0,0,0,0,175.0,1500.0,550.0,0.82,,1.0,1.0,1.0,0.82,156.3568010936432,,128.21257689678743,Modeled from Layer A average-per-match benchmark; stage=group stage; no match attendance available,Layer A global benchmarks + Dataset 1 attendance/match metadata
2022,2022_09,group stage,2022-11-23,Morocco,Croatia,Al Bayt Stadium,Al Khor,,69000,pending_match_level_source,0,0,0,0,0,175.0,1500.0,550.0,0.82,,1.0,1.0,1.0,0.82,156.3568010936432,,128.21257689678743,Modeled from Layer A average-per-match benchmark; stage=group stage; no match attendance available,Layer A global benchmarks + Dataset 1 attendance/match metadata
2022,2022_10,group stage,2022-11-23,Germany,Japan,Khalifa International Stadium,Al Rayyan,,46000,pending_match_level_source,0,0,0,0,0,175.0,1500.0,550.0,0.82,,1.0,1.0,1.0,0.82,156.3568010936432,,128.21257689678743,Modeled from Layer A average-per-match benchmark; stage=group stage; no match attendance available,Layer A global benchmarks + Dataset 1 attendance/match metadata
2022,2022_11,group stage,2022-11-23,Spain,Costa Rica,Al Thumama Stadium,Doha,,44000,pending_match_level_source,0,0,0,0,0,175.0,1500.0,550.0,0.82,,1.0,1.0,1.0,0.82,156.3568010936432,,128.21257689678743,Modeled from Layer A average-per-match benchmark; stage=group stage; no match attendance available,Layer A global benchmarks + Dataset 1 attendance/match metadata
2022,2022_12,group stage,2022-11-23,Belgium,Canada,Ahmad bin Ali Stadium,Al Rayyan,,45000,pending_match_level_source,0,0,0,0,0,175.0,1500.0,550.0,0.82,,1.0,1.0,1.0,0.82,156.3568010936432,,128.21257689678743,Modeled from Layer A average-per-match benchmark; stage=group stage; no match attendance available,Layer A global benchmarks + Dataset 1 attendance/match metadata
2022,2022_13,group stage,2022-11-24,Switzerland,Cameroon,Al Janoub Stadium,Al Wakrah,,44000,pending_match_level_source,0,0,0,0,0,175.0,1500.0,550.0,0.82,,1.0,1.0,1.0,0.82,156.3568010936432,,128.21257689678743,Modeled from Layer A average-per-match benchmark; stage=group stage; no match attendance available,Layer A global benchmarks + Dataset 1 attendance/match metadata
2022,2022_14,group stage,2022-11-24,Uruguay,South Korea,Education City Stadium,Al Rayyan,,45000,pending_match_level_source,0,0,0,0,0,175.0,1500.0,550.0,0.82,,1.0,1.0,1.0,0.82,156.3568010936432,,128.21257689678743,Modeled from Layer A average-per-match benchmark; stage=group stage; no match attendance available,Layer A global benchmarks + Dataset 1 attendance/match metadata
2022,2022_15,group stage,2022-11-24,Portugal,Ghana,Stadium 974,Doha,,44000,pending_match_level_source,0,0,0,0,0,175.0,1500.0,550.0,0.82,,1.0,1.0,1.0,0.82,156.3568010936432,,128.21257689678743,Modeled from Layer A average-per-match benchmark; stage=group stage; no match attendance available,Layer A global benchmarks + Dataset 1 attendance/match metadata
2022,2022_16,group stage,2022-11-24,Brazil,Serbia,Lusail Stadium,Lusail,,89000,pending_match_level_source,0,0,0,0,0,175.0,1500.0,550.0,0.82,,1.0,1.0,1.0,0.82,156.3568010936432,,128.21257689678743,Modeled from Layer A average-per-match benchmark; stage=group stage; no match attendance available,Layer A global benchmarks + Dataset 1 attendance/match metadata
2022,2022_17,group stage,2022-11-25,Wales,Iran,Ahmad bin Ali Stadium,Al Rayyan,,45000,pending_match_level_source,0,0,0,0,0,175.0,1500.0,550.0,0.82,,1.0,1.0,1.0,0.82,156.3568010936432,,128.21257689678743,Modeled from Layer A average-per-match benchmark; stage=group stage; no match attendance available,Layer A global benchmarks + Dataset 1 attendance/match metadata
2022,2022_18,group stage,2022-11-25,Qatar,Senegal,Al Thumama Stadium,Doha,,44000,pending_match_level_source,0,0,0,1,0,175.0,1500.0,550.0,0.82,,1.0,1.25,1.0,1.025,156.3568010936432,,160.26572112098427,Modeled from Layer A average-per-match benchmark; stage=group stage; host-team uplift; no match attendance available,Layer A global benchmarks + Dataset 1 attendance/match metadata
2022,2022_19,group stage,2022-11-25,Netherlands,Ecuador,Khalifa International Stadium,Al Rayyan,,46000,pending_match_level_source,0,0,0,0,0,175.0,1500.0,550.0,0.82,,1.0,1.0,1.0,0.82,156.3568010936432,,128.21257689678743,Modeled from Layer A average-per-match benchmark; stage=group stage; no match attendance available,Layer A global benchmarks + Dataset 1 attendance/match metadata
2022,2022_20,group stage,2022-11-25,England,United States,Al Bayt Stadium,Al Khor,,69000,pending_match_level_source,0,0,0,0,0,175.0,1500.0,550.0,0.82,,1.0,1.0,1.0,0.82,156.3568010936432,,128.21257689678743,Modeled from Layer A average-per-match benchmark; stage=group stage; no match attendance available,Layer A global benchmarks + Dataset 1 attendance/match metadata
2022,2022_21,group stage,2022-11-26,Tunisia,Australia,Al Janoub Stadium,Al Wakrah,,44000,pending_match_level_source,0,0,0,0,0,175.0,1500.0,550.0,0.82,,1.0,1.0,1.0,0.82,156.3568010936432,,128.21257689678743,Modeled from Layer A average-per-match benchmark; stage=group stage; no match attendance available,Layer A global benchmarks + Dataset 1 attendance/match metadata
2022,2022_22,group stage,2022-11-26,Poland,Saudi Arabia,Education City Stadium,Al Rayyan,,45000,pending_match_level_source,0,0,0,0,0,175.0,1500.0,550.0,0.82,,1.0,1.0,1.0,0.82,156.3568010936432,,128.21257689678743,Modeled from Layer A average-per-match benchmark; stage=group stage; no match attendance available,Layer A global benchmarks + Dataset 1 attendance/match metadata
2022,2022_23,group stage,2022-11-26,France,Denmark,Stadium 974,Doha,,44000,pending_match_level_source,0,0,0,0,0,175.0,1500.0,550.0,0.82,,1.0,1.0,1.0,0.82,156.3568010936432,,128.21257689678743,Modeled from Layer A average-per-match benchmark; stage=group stage; no match attendance available,Layer A global benchmarks + Dataset 1 attendance/match metadata
2022,2022_24,group stage,2022-11-26,Argentina,Mexico,Lusail Stadium,Lusail,,89000,pending_match_level_source,0,0,0,0,0,175.0,1500.0,550.0,0.82,,1.0,1.0,1.0,0.82,156.3568010936432,,128.21257689678743,Modeled from Layer A average-per-match benchmark; stage=group stage; no match attendance available,Layer A global benchmarks + Dataset 1 attendance/match metadata
2022,2022_25,group stage,2022-11-27,Japan,Costa Rica,Ahmad bin Ali Stadium,Al Rayyan,,45000,pending_match_level_source,0,0,0,0,0,175.0,1500.0,550.0,0.82,,1.0,1.0,1.0,0.82,156.3568010936432,,128.21257689678743,Modeled from Layer A average-per-match benchmark; stage=group stage; no match attendance available,Layer A global benchmarks + Dataset 1 attendance/match metadata
2022,2022_26,group stage,2022-11-27,Belgium,Morocco,Al Thumama Stadium,Doha,,44000,pending_match_level_source,0,0,0,0,0,175.0,1500.0,550.0,0.82,,1.0,1.0,1.0,0.82,156.3568010936432,,128.21257689678743,Modeled from Layer A average-per-match benchmark; stage=group stage; no match attendance available,Layer A global benchmarks + Dataset 1 attendance/match metadata
2022,2022_27,group stage,2022-11-27,Croatia,Canada,Khalifa International Stadium,Al Rayyan,,46000,pending_match_level_source,0,0,0,0,0,175.0,1500.0,550.0,0.82,,1.0,1.0,1.0,0.82,156.3568010936432,,128.21257689678743,Modeled from Layer A average-per-match benchmark; stage=group stage; no match attendance available,Layer A global benchmarks + Dataset 1 attendance/match metadata
2022,2022_28,group stage,2022-11-27,Spain,Germany,Al Bayt Stadium,Al Khor,,69000,pending_match_level_source,0,0,0,0,0,175.0,1500.0,550.0,0.82,,1.0,1.0,1.0,0.82,156.3568010936432,,128.21257689678743,Modeled from Layer A average-per-match benchmark; stage=group stage; no match attendance available,Layer A global benchmarks + Dataset 1 attendance/match metadata
2022,2022_29,group stage,2022-11-28,Cameroon,Serbia,Al Janoub Stadium,Al Wakrah,,44000,pending_match_level_source,0,0,0,0,0,175.0,1500.0,550.0,0.82,,1.0,1.0,1.0,0.82,156.3568010936432,,128.21257689678743,Modeled from Layer A average-per-match benchmark; stage=group stage; no match attendance available,Layer A global benchmarks + Dataset 1 attendance/match metadata
2022,2022_30,group stage,2022-11-28,South Korea,Ghana,Education City Stadium,Al Rayyan,,45000,pending_match_level_source,0,0,0,0,0,175.0,1500.0,550.0,0.82,,1.0,1.0,1.0,0.82,156.3568010936432,,128.21257689678743,Modeled from Layer A average-per-match benchmark; stage=group stage; no match attendance available,Layer A global benchmarks + Dataset 1 attendance/match metadata
2022,2022_31,group stage,2022-11-28,Brazil,Switzerland,Stadium 974,Doha,,44000,pending_match_level_source,0,0,0,0,0,175.0,1500.0,550.0,0.82,,1.0,1.0,1.0,0.82,156.3568010936432,,128.21257689678743,Modeled from Layer A average-per-match benchmark; stage=group stage; no match attendance available,Layer A global benchmarks + Dataset 1 attendance/match metadata
2022,2022_32,group stage,2022-11-28,Portugal,Uruguay,Lusail Stadium,Lusail,,89000,pending_match_level_source,0,0,0,0,0,175.0,1500.0,550.0,0.82,,1.0,1.0,1.0,0.82,156.3568010936432,,128.21257689678743,Modeled from Layer A average-per-match benchmark; stage=group stage; no match attendance available,Layer A global benchmarks + Dataset 1 attendance/match metadata
2022,2022_33,group stage,2022-11-29,Ecuador,Senegal,Khalifa International Stadium,Al Rayyan,,46000,pending_match_level_source,0,0,0,0,0,175.0,1500.0,550.0,0.82,,1.0,1.0,1.0,0.82,156.3568010936432,,128.21257689678743,Modeled from Layer A average-per-match benchmark; stage=group stage; no match attendance available,Layer A global benchmarks + Dataset 1 attendance/match metadata
2022,2022_34,group stage,2022-11-29,Netherlands,Qatar,Al Bayt Stadium,Al Khor,,69000,pending_match_level_source,0,0,0,1,0,175.0,1500.0,550.0,0.82,,1.0,1.25,1.0,1.025,156.3568010936432,,160.26572112098427,Modeled from Layer A average-per-match benchmark; stage=group stage; host-team uplift; no match attendance available,Layer A global benchmarks + Dataset 1 attendance/match metadata
2022,2022_35,group stage,2022-11-29,Iran,United States,Al Thumama Stadium,Doha,,44000,pending_match_level_source,0,0,0,0,0,175.0,1500.0,550.0,0.82,,1.0,1.0,1.0,0.82,156.3568010936432,,128.21257689678743,Modeled from Layer A average-per-match benchmark; stage=group stage; no match attendance available,Layer A global benchmarks + Dataset 1 attendance/match metadata
2022,2022_36,group stage,2022-11-29,Wales,England,Ahmad bin Ali Stadium,Al Rayyan,,45000,pending_match_level_source,0,0,0,0,0,175.0,1500.0,550.0,0.82,,1.0,1.0,1.0,0.82,156.3568010936432,,128.21257689678743,Modeled from Layer A average-per-match benchmark; stage=group stage; no match attendance available,Layer A global benchmarks + Dataset 1 attendance/match metadata
2022,2022_37,group stage,2022-11-30,Australia,Denmark,Al Janoub Stadium,Al Wakrah,,44000,pending_match_level_source,0,0,0,0,0,175.0,1500.0,550.0,0.82,,1.0,1.0,1.0,0.82,156.3568010936432,,128.21257689678743,Modeled from Layer A average-per-match benchmark; stage=group stage; no match attendance available,Layer A global benchmarks + Dataset 1 attendance/match metadata
2022,2022_38,group stage,2022-11-30,Tunisia,France,Education City Stadium,Al Rayyan,,45000,pending_match_level_source,0,0,0,0,0,175.0,1500.0,550.0,0.82,,1.0,1.0,1.0,0.82,156.3568010936432,,128.21257689678743,Modeled from Layer A average-per-match benchmark; stage=group stage; no match attendance available,Layer A global benchmarks + Dataset 1 attendance/match metadata
2022,2022_39,group stage,2022-11-30,Poland,Argentina,Stadium 974,Doha,,44000,pending_match_level_source,0,0,0,0,0,175.0,1500.0,550.0,0.82,,1.0,1.0,1.0,0.82,156.3568010936432,,128.21257689678743,Modeled from Layer A average-per-match benchmark; stage=group stage; no match attendance available,Layer A global benchmarks + Dataset 1 attendance/match metadata
2022,2022_40,group stage,2022-11-30,Saudi Arabia,Mexico,Lusail Stadium,Lusail,,89000,pending_match_level_source,0,0,0,0,0,175.0,1500.0,550.0,0.82,,1.0,1.0,1.0,0.82,156.3568010936432,,128.21257689678743,Modeled from Layer A average-per-match benchmark; stage=group stage; no match attendance available,Layer A global benchmarks + Dataset 1 attendance/match metadata
2022,2022_41,group stage,2022-12-01,Canada,Morocco,Al Thumama Stadium,Doha,,44000,pending_match_level_source,0,0,0,0,0,175.0,1500.0,550.0,0.82,,1.0,1.0,1.0,0.82,156.3568010936432,,128.21257689678743,Modeled from Layer A average-per-match benchmark; stage=group stage; no match attendance available,Layer A global benchmarks + Dataset 1 attendance/match metadata
2022,2022_42,group stage,2022-12-01,Croatia,Belgium,Ahmad bin Ali Stadium,Al Rayyan,,45000,pending_match_level_source,0,0,0,0,0,175.0,1500.0,550.0,0.82,,1.0,1.0,1.0,0.82,156.3568010936432,,128.21257689678743,Modeled from Layer A average-per-match benchmark; stage=group stage; no match attendance available,Layer A global benchmarks + Dataset 1 attendance/match metadata
2022,2022_43,group stage,2022-12-01,Costa Rica,Germany,Al Bayt Stadium,Al Khor,,69000,pending_match_level_source,0,0,0,0,0,175.0,1500.0,550.0,0.82,,1.0,1.0,1.0,0.82,156.3568010936432,,128.21257689678743,Modeled from Layer A average-per-match benchmark; stage=group stage; no match attendance available,Layer A global benchmarks + Dataset 1 attendance/match metadata
2022,2022_44,group stage,2022-12-01,Japan,Spain,Khalifa International Stadium,Al Rayyan,,46000,pending_match_level_source,0,0,0,0,0,175.0,1500.0,550.0,0.82,,1.0,1.0,1.0,0.82,156.3568010936432,,128.21257689678743,Modeled from Layer A average-per-match benchmark; stage=group stage; no match attendance available,Layer A global benchmarks + Dataset 1 attendance/match metadata
2022,2022_45,group stage,2022-12-02,Ghana,Uruguay,Al Janoub Stadium,Al Wakrah,,44000,pending_match_level_source,0,0,0,0,0,175.0,1500.0,550.0,0.82,,1.0,1.0,1.0,0.82,156.3568010936432,,128.21257689678743,Modeled from Layer A average-per-match benchmark; stage=group stage; no match attendance available,Layer A global benchmarks + Dataset 1 attendance/match metadata
2022,2022_46,group stage,2022-12-02,South Korea,Portugal,Education City Stadium,Al Rayyan,,45000,pending_match_level_source,0,0,0,0,0,175.0,1500.0,550.0,0.82,,1.0,1.0,1.0,0.82,156.3568010936432,,128.21257689678743,Modeled from Layer A average-per-match benchmark; stage=group stage; no match attendance available,Layer A global benchmarks + Dataset 1 attendance/match metadata
2022,2022_47,group stage,2022-12-02,Cameroon,Brazil,Lusail Stadium,Lusail,,89000,pending_match_level_source,0,0,0,0,0,175.0,1500.0,550.0,0.82,,1.0,1.0,1.0,0.82,156.3568010936432,,128.21257689678743,Modeled from Layer A average-per-match benchmark; stage=group stage; no match attendance available,Layer A global benchmarks + Dataset 1 attendance/match metadata
2022,2022_48,group stage,2022-12-02,Serbia,Switzerland,Stadium 974,Doha,,44000,pending_match_level_source,0,0,0,0,0,175.0,1500.0,550.0,0.82,,1.0,1.0,1.0,0.82,156.3568010936432,,128.21257689678743,Modeled from Layer A average-per-match benchmark; stage=group stage; no match attendance available,Layer A global benchmarks + Dataset 1 attendance/match metadata
2022,2022_49,round of 16,2022-12-03,Netherlands,United States,Khalifa International Stadium,Al Rayyan,,46000,pending_match_level_source,0,0,0,0,0,175.0,1500.0,550.0,1.05,,1.0,1.0,1.0,1.05,156.3568010936432,,164.17464114832538,Modeled from Layer A average-per-match benchmark; stage=round of 16; no match attendance available,Layer A global benchmarks + Dataset 1 attendance/match metadata
2022,2022_50,round of 16,2022-12-03,Argentina,Australia,Ahmad bin Ali Stadium,Al Rayyan,,45000,pending_match_level_source,0,0,0,0,0,175.0,1500.0,550.0,1.05,,1.0,1.0,1.0,1.05,156.3568010936432,,164.17464114832538,Modeled from Layer A average-per-match benchmark; stage=round of 16; no match attendance available,Layer A global benchmarks + Dataset 1 attendance/match metadata
2022,2022_51,round of 16,2022-12-04,France,Poland,Al Thumama Stadium,Doha,,44000,pending_match_level_source,0,0,0,0,0,175.0,1500.0,550.0,1.05,,1.0,1.0,1.0,1.05,156.3568010936432,,164.17464114832538,Modeled from Layer A average-per-match benchmark; stage=round of 16; no match attendance available,Layer A global benchmarks + Dataset 1 attendance/match metadata
2022,2022_52,round of 16,2022-12-04,England,Senegal,Al Bayt Stadium,Al Khor,,69000,pending_match_level_source,0,0,0,0,0,175.0,1500.0,550.0,1.05,,1.0,1.0,1.0,1.05,156.3568010936432,,164.17464114832538,Modeled from Layer A average-per-match benchmark; stage=round of 16; no match attendance available,Layer A global benchmarks + Dataset 1 attendance/match metadata
2022,2022_53,round of 16,2022-12-05,Japan,Croatia,Al Janoub Stadium,Al Wakrah,,44000,pending_match_level_source,0,1,1,0,0,175.0,1500.0,550.0,1.05,,1.0,1.0,1.2000000000000002,1.2600000000000002,156.3568010936432,,197.0095693779905,Modeled from Layer A average-per-match benchmark; stage=round of 16; no match attendance available,Layer A global benchmarks + Dataset 1 attendance/match metadata
2022,2022_54,round of 16,2022-12-05,Brazil,South Korea,Stadium 974,Doha,,44000,pending_match_level_source,0,0,0,0,0,175.0,1500.0,550.0,1.05,,1.0,1.0,1.0,1.05,156.3568010936432,,164.17464114832538,Modeled from Layer A average-per-match benchmark; stage=round of 16; no match attendance available,Layer A global benchmarks + Dataset 1 attendance/match metadata
2022,2022_55,round of 16,2022-12-06,Morocco,Spain,Education City Stadium,Al Rayyan,,45000,pending_match_level_source,0,1,1,0,0,175.0,1500.0,550.0,1.05,,1.0,1.0,1.2000000000000002,1.2600000000000002,156.3568010936432,,197.0095693779905,Modeled from Layer A average-per-match benchmark; stage=round of 16; no match attendance available,Layer A global benchmarks + Dataset 1 attendance/match metadata
2022,2022_56,round of 16,2022-12-06,Portugal,Switzerland,Lusail Stadium,Lusail,,89000,pending_match_level_source,0,0,0,0,0,175.0,1500.0,550.0,1.05,,1.0,1.0,1.0,1.05,156.3568010936432,,164.17464114832538,Modeled from Layer A average-per-match benchmark; stage=round of 16; no match attendance available,Layer A global benchmarks + Dataset 1 attendance/match metadata
2022,2022_57,quarter-finals,2022-12-09,Croatia,Brazil,Education City Stadium,Al Rayyan,,45000,pending_match_level_source,0,1,1,0,0,175.0,1500.0,550.0,1.25,,1.0,1.0,1.2000000000000002,1.5000000000000002,156.3568010936432,,234.53520164046486,Modeled from Layer A average-per-match benchmark; stage=quarter-finals; no match attendance available,Layer A global benchmarks + Dataset 1 attendance/match metadata
2022,2022_58,quarter-finals,2022-12-09,Netherlands,Argentina,Lusail Stadium,Lusail,,89000,pending_match_level_source,0,1,1,0,0,175.0,1500.0,550.0,1.25,,1.0,1.0,1.2000000000000002,1.5000000000000002,156.3568010936432,,234.53520164046486,Modeled from Layer A average-per-match benchmark; stage=quarter-finals; no match attendance available,Layer A global benchmarks + Dataset 1 attendance/match metadata
2022,2022_59,quarter-finals,2022-12-10,Morocco,Portugal,Al Thumama Stadium,Doha,,44000,pending_match_level_source,0,0,0,0,0,175.0,1500.0,550.0,1.25,,1.0,1.0,1.0,1.25,156.3568010936432,,195.446001367054,Modeled from Layer A average-per-match benchmark; stage=quarter-finals; no match attendance available,Layer A global benchmarks + Dataset 1 attendance/match metadata
2022,2022_60,quarter-finals,2022-12-10,England,France,Al Bayt Stadium,Al Khor,,69000,pending_match_level_source,0,0,0,0,0,175.0,1500.0,550.0,1.25,,1.0,1.0,1.0,1.25,156.3568010936432,,195.446001367054,Modeled from Layer A average-per-match benchmark; stage=quarter-finals; no match attendance available,Layer A global benchmarks + Dataset 1 attendance/match metadata
2022,2022_61,semi-finals,2022-12-13,Argentina,Croatia,Lusail Stadium,Lusail,,89000,pending_match_level_source,0,0,0,0,0,175.0,1500.0,550.0,1.55,,1.0,1.0,1.0,1.55,156.3568010936432,,242.353041695147,Modeled from Layer A average-per-match benchmark; stage=semi-finals; no match attendance available,Layer A global benchmarks + Dataset 1 attendance/match metadata
2022,2022_62,semi-finals,2022-12-14,France,Morocco,Al Bayt Stadium,Al Khor,,69000,pending_match_level_source,0,0,0,0,0,175.0,1500.0,550.0,1.55,,1.0,1.0,1.0,1.55,156.3568010936432,,242.353041695147,Modeled from Layer A average-per-match benchmark; stage=semi-finals; no match attendance available,Layer A global benchmarks + Dataset 1 attendance/match metadata
2022,2022_63,third-place match,2022-12-17,Croatia,Morocco,Khalifa International Stadium,Al Rayyan,,46000,pending_match_level_source,0,0,0,0,0,175.0,1500.0,550.0,0.95,,1.0,1.0,1.0,0.95,156.3568010936432,,148.53896103896105,Modeled from Layer A average-per-match benchmark; stage=third-place match; no match attendance available,Layer A global benchmarks + Dataset 1 attendance/match metadata
2022,2022_64,final,2022-12-18,Argentina,France,Lusail Stadium,Lusail,,89000,pending_match_level_source,0,1,1,0,0,175.0,1500.0,550.0,1.0,,1.0,1.0,1.2000000000000002,1.2000000000000002,156.3568010936432,,187.62816131237187,Modeled from Layer A average-per-match benchmark; stage=final; no match attendance available,Layer A global benchmarks + Dataset 1 attendance/match metadata
