world_cup_year,match_id,source_match_id,stage,group_name,match_date,home_team,away_team,stadium,city,host_country,attendance,stadium_capacity,final_flag,extra_time_flag,penalty_flag,attendance_status,metadata_source_url,attendance_source_url
2010,2010_01,M-2010-01,group stage,Group A,2010-06-11,South Africa,Mexico,Soccer City,Johannesburg,South Africa,84490.0,84000,0,0,0,real_match_attendance,https://github.com/jfjelstul/worldcup,https://raw.githubusercontent.com/reisanar/datasets/master/WorldCupMatches.csv
2010,2010_02,M-2010-02,group stage,Group A,2010-06-11,Uruguay,France,Cape Town Stadium,Cape Town,South Africa,64100.0,64000,0,0,0,real_match_attendance,https://github.com/jfjelstul/worldcup,https://raw.githubusercontent.com/reisanar/datasets/master/WorldCupMatches.csv
2010,2010_03,M-2010-03,group stage,Group B,2010-06-12,South Korea,Greece,Nelson Mandela Bay Stadium,Port Elizabeth,South Africa,31513.0,42000,0,0,0,real_match_attendance,https://github.com/jfjelstul/worldcup,https://raw.githubusercontent.com/reisanar/datasets/master/WorldCupMatches.csv
2010,2010_04,M-2010-04,group stage,Group B,2010-06-12,Argentina,Nigeria,Ellis Park Stadium,Johannesburg,South Africa,55686.0,56000,0,0,0,real_match_attendance,https://github.com/jfjelstul/worldcup,https://raw.githubusercontent.com/reisanar/datasets/master/WorldCupMatches.csv
2010,2010_05,M-2010-05,group stage,Group C,2010-06-12,England,United States,Royal Bafokeng Stadium,Rustenburg,South Africa,38646.0,42000,0,0,0,real_match_attendance,https://github.com/jfjelstul/worldcup,https://raw.githubusercontent.com/reisanar/datasets/master/WorldCupMatches.csv
2010,2010_06,M-2010-06,group stage,Group C,2010-06-13,Algeria,Slovenia,Peter Mokaba Stadium,Polokwane,South Africa,30325.0,42000,0,0,0,real_match_attendance,https://github.com/jfjelstul/worldcup,https://raw.githubusercontent.com/reisanar/datasets/master/WorldCupMatches.csv
2010,2010_07,M-2010-07,group stage,Group D,2010-06-13,Serbia,Ghana,Loftus Versfeld Stadium,Pretoria,South Africa,38833.0,43000,0,0,0,real_match_attendance,https://github.com/jfjelstul/worldcup,https://raw.githubusercontent.com/reisanar/datasets/master/WorldCupMatches.csv
2010,2010_08,M-2010-08,group stage,Group D,2010-06-13,Germany,Australia,Moses Mabhida Stadium,Durban,South Africa,62660.0,63000,0,0,0,real_match_attendance,https://github.com/jfjelstul/worldcup,https://raw.githubusercontent.com/reisanar/datasets/master/WorldCupMatches.csv
2010,2010_09,M-2010-09,group stage,Group E,2010-06-14,Netherlands,Denmark,Soccer City,Johannesburg,South Africa,83465.0,84000,0,0,0,real_match_attendance,https://github.com/jfjelstul/worldcup,https://raw.githubusercontent.com/reisanar/datasets/master/WorldCupMatches.csv
2010,2010_10,M-2010-10,group stage,Group E,2010-06-14,Japan,Cameroon,Free State Stadium,Bloemfontein,South Africa,30620.0,41000,0,0,0,real_match_attendance,https://github.com/jfjelstul/worldcup,https://raw.githubusercontent.com/reisanar/datasets/master/WorldCupMatches.csv
2010,2010_11,M-2010-11,group stage,Group F,2010-06-14,Italy,Paraguay,Cape Town Stadium,Cape Town,South Africa,62869.0,64000,0,0,0,real_match_attendance,https://github.com/jfjelstul/worldcup,https://raw.githubusercontent.com/reisanar/datasets/master/WorldCupMatches.csv
2010,2010_12,M-2010-12,group stage,Group F,2010-06-15,New Zealand,Slovakia,Royal Bafokeng Stadium,Rustenburg,South Africa,23871.0,42000,0,0,0,real_match_attendance,https://github.com/jfjelstul/worldcup,https://raw.githubusercontent.com/reisanar/datasets/master/WorldCupMatches.csv
2010,2010_13,M-2010-13,group stage,Group G,2010-06-15,Ivory Coast,Portugal,Nelson Mandela Bay Stadium,Port Elizabeth,South Africa,37034.0,42000,0,0,0,real_match_attendance,https://github.com/jfjelstul/worldcup,https://raw.githubusercontent.com/reisanar/datasets/master/WorldCupMatches.csv
2010,2010_14,M-2010-14,group stage,Group G,2010-06-15,Brazil,North Korea,Ellis Park Stadium,Johannesburg,South Africa,54331.0,56000,0,0,0,real_match_attendance,https://github.com/jfjelstul/worldcup,https://raw.githubusercontent.com/reisanar/datasets/master/WorldCupMatches.csv
2010,2010_15,M-2010-15,group stage,Group H,2010-06-16,Honduras,Chile,Mbombela Stadium,Nelspruit,South Africa,32664.0,41000,0,0,0,real_match_attendance,https://github.com/jfjelstul/worldcup,https://raw.githubusercontent.com/reisanar/datasets/master/WorldCupMatches.csv
2010,2010_16,M-2010-16,group stage,Group H,2010-06-16,Spain,Switzerland,Moses Mabhida Stadium,Durban,South Africa,62453.0,63000,0,0,0,real_match_attendance,https://github.com/jfjelstul/worldcup,https://raw.githubusercontent.com/reisanar/datasets/master/WorldCupMatches.csv
2010,2010_17,M-2010-17,group stage,Group A,2010-06-16,South Africa,Uruguay,Loftus Versfeld Stadium,Pretoria,South Africa,42658.0,43000,0,0,0,real_match_attendance,https://github.com/jfjelstul/worldcup,https://raw.githubusercontent.com/reisanar/datasets/master/WorldCupMatches.csv
2010,2010_18,M-2010-18,group stage,Group B,2010-06-17,Argentina,South Korea,Soccer City,Johannesburg,South Africa,82174.0,84000,0,0,0,real_match_attendance,https://github.com/jfjelstul/worldcup,https://raw.githubusercontent.com/reisanar/datasets/master/WorldCupMatches.csv
2010,2010_19,M-2010-19,group stage,Group B,2010-06-17,Greece,Nigeria,Free State Stadium,Bloemfontein,South Africa,31593.0,41000,0,0,0,real_match_attendance,https://github.com/jfjelstul/worldcup,https://raw.githubusercontent.com/reisanar/datasets/master/WorldCupMatches.csv
2010,2010_20,M-2010-20,group stage,Group A,2010-06-17,France,Mexico,Peter Mokaba Stadium,Polokwane,South Africa,35370.0,42000,0,0,0,real_match_attendance,https://github.com/jfjelstul/worldcup,https://raw.githubusercontent.com/reisanar/datasets/master/WorldCupMatches.csv
2010,2010_21,M-2010-21,group stage,Group D,2010-06-18,Germany,Serbia,Nelson Mandela Bay Stadium,Port Elizabeth,South Africa,38294.0,42000,0,0,0,real_match_attendance,https://github.com/jfjelstul/worldcup,https://raw.githubusercontent.com/reisanar/datasets/master/WorldCupMatches.csv
2010,2010_22,M-2010-22,group stage,Group C,2010-06-18,Slovenia,United States,Ellis Park Stadium,Johannesburg,South Africa,45573.0,56000,0,0,0,real_match_attendance,https://github.com/jfjelstul/worldcup,https://raw.githubusercontent.com/reisanar/datasets/master/WorldCupMatches.csv
2010,2010_23,M-2010-23,group stage,Group C,2010-06-18,England,Algeria,Cape Town Stadium,Cape Town,South Africa,64100.0,64000,0,0,0,real_match_attendance,https://github.com/jfjelstul/worldcup,https://raw.githubusercontent.com/reisanar/datasets/master/WorldCupMatches.csv
2010,2010_24,M-2010-24,group stage,Group E,2010-06-19,Netherlands,Japan,Moses Mabhida Stadium,Durban,South Africa,62010.0,63000,0,0,0,real_match_attendance,https://github.com/jfjelstul/worldcup,https://raw.githubusercontent.com/reisanar/datasets/master/WorldCupMatches.csv
2010,2010_25,M-2010-25,group stage,Group D,2010-06-19,Ghana,Australia,Royal Bafokeng Stadium,Rustenburg,South Africa,34812.0,42000,0,0,0,real_match_attendance,https://github.com/jfjelstul/worldcup,https://raw.githubusercontent.com/reisanar/datasets/master/WorldCupMatches.csv
2010,2010_26,M-2010-26,group stage,Group E,2010-06-19,Cameroon,Denmark,Loftus Versfeld Stadium,Pretoria,South Africa,38074.0,43000,0,0,0,real_match_attendance,https://github.com/jfjelstul/worldcup,https://raw.githubusercontent.com/reisanar/datasets/master/WorldCupMatches.csv
2010,2010_27,M-2010-27,group stage,Group F,2010-06-20,Slovakia,Paraguay,Free State Stadium,Bloemfontein,South Africa,26643.0,41000,0,0,0,real_match_attendance,https://github.com/jfjelstul/worldcup,https://raw.githubusercontent.com/reisanar/datasets/master/WorldCupMatches.csv
2010,2010_28,M-2010-28,group stage,Group F,2010-06-20,Italy,New Zealand,Mbombela Stadium,Nelspruit,South Africa,38229.0,41000,0,0,0,real_match_attendance,https://github.com/jfjelstul/worldcup,https://raw.githubusercontent.com/reisanar/datasets/master/WorldCupMatches.csv
2010,2010_29,M-2010-29,group stage,Group G,2010-06-20,Brazil,Ivory Coast,Soccer City,Johannesburg,South Africa,84455.0,84000,0,0,0,real_match_attendance,https://github.com/jfjelstul/worldcup,https://raw.githubusercontent.com/reisanar/datasets/master/WorldCupMatches.csv
2010,2010_30,M-2010-30,group stage,Group G,2010-06-21,Portugal,North Korea,Cape Town Stadium,Cape Town,South Africa,63644.0,64000,0,0,0,real_match_attendance,https://github.com/jfjelstul/worldcup,https://raw.githubusercontent.com/reisanar/datasets/master/WorldCupMatches.csv
2010,2010_31,M-2010-31,group stage,Group H,2010-06-21,Chile,Switzerland,Nelson Mandela Bay Stadium,Port Elizabeth,South Africa,34872.0,42000,0,0,0,real_match_attendance,https://github.com/jfjelstul/worldcup,https://raw.githubusercontent.com/reisanar/datasets/master/WorldCupMatches.csv
2010,2010_32,M-2010-32,group stage,Group H,2010-06-21,Spain,Honduras,Ellis Park Stadium,Johannesburg,South Africa,54386.0,56000,0,0,0,real_match_attendance,https://github.com/jfjelstul/worldcup,https://raw.githubusercontent.com/reisanar/datasets/master/WorldCupMatches.csv
2010,2010_33,M-2010-33,group stage,Group A,2010-06-22,France,South Africa,Free State Stadium,Bloemfontein,South Africa,39415.0,41000,0,0,0,real_match_attendance,https://github.com/jfjelstul/worldcup,https://raw.githubusercontent.com/reisanar/datasets/master/WorldCupMatches.csv
2010,2010_34,M-2010-34,group stage,Group A,2010-06-22,Mexico,Uruguay,Royal Bafokeng Stadium,Rustenburg,South Africa,33425.0,42000,0,0,0,real_match_attendance,https://github.com/jfjelstul/worldcup,https://raw.githubusercontent.com/reisanar/datasets/master/WorldCupMatches.csv
2010,2010_35,M-2010-35,group stage,Group B,2010-06-22,Greece,Argentina,Peter Mokaba Stadium,Polokwane,South Africa,38891.0,42000,0,0,0,real_match_attendance,https://github.com/jfjelstul/worldcup,https://raw.githubusercontent.com/reisanar/datasets/master/WorldCupMatches.csv
2010,2010_36,M-2010-36,group stage,Group B,2010-06-22,Nigeria,South Korea,Moses Mabhida Stadium,Durban,South Africa,61874.0,63000,0,0,0,real_match_attendance,https://github.com/jfjelstul/worldcup,https://raw.githubusercontent.com/reisanar/datasets/master/WorldCupMatches.csv
2010,2010_37,M-2010-37,group stage,Group C,2010-06-23,Slovenia,England,Nelson Mandela Bay Stadium,Port Elizabeth,South Africa,36893.0,42000,0,0,0,real_match_attendance,https://github.com/jfjelstul/worldcup,https://raw.githubusercontent.com/reisanar/datasets/master/WorldCupMatches.csv
2010,2010_38,M-2010-38,group stage,Group C,2010-06-23,United States,Algeria,Loftus Versfeld Stadium,Pretoria,South Africa,35827.0,43000,0,0,0,real_match_attendance,https://github.com/jfjelstul/worldcup,https://raw.githubusercontent.com/reisanar/datasets/master/WorldCupMatches.csv
2010,2010_39,M-2010-39,group stage,Group D,2010-06-23,Australia,Serbia,Mbombela Stadium,Nelspruit,South Africa,37836.0,41000,0,0,0,real_match_attendance,https://github.com/jfjelstul/worldcup,https://raw.githubusercontent.com/reisanar/datasets/master/WorldCupMatches.csv
2010,2010_40,M-2010-40,group stage,Group D,2010-06-23,Ghana,Germany,Soccer City,Johannesburg,South Africa,83391.0,84000,0,0,0,real_match_attendance,https://github.com/jfjelstul/worldcup,https://raw.githubusercontent.com/reisanar/datasets/master/WorldCupMatches.csv
2010,2010_41,M-2010-41,group stage,Group F,2010-06-24,Paraguay,New Zealand,Peter Mokaba Stadium,Polokwane,South Africa,34850.0,42000,0,0,0,real_match_attendance,https://github.com/jfjelstul/worldcup,https://raw.githubusercontent.com/reisanar/datasets/master/WorldCupMatches.csv
2010,2010_42,M-2010-42,group stage,Group F,2010-06-24,Slovakia,Italy,Ellis Park Stadium,Johannesburg,South Africa,53412.0,56000,0,0,0,real_match_attendance,https://github.com/jfjelstul/worldcup,https://raw.githubusercontent.com/reisanar/datasets/master/WorldCupMatches.csv
2010,2010_43,M-2010-43,group stage,Group E,2010-06-24,Cameroon,Netherlands,Cape Town Stadium,Cape Town,South Africa,63093.0,64000,0,0,0,real_match_attendance,https://github.com/jfjelstul/worldcup,https://raw.githubusercontent.com/reisanar/datasets/master/WorldCupMatches.csv
2010,2010_44,M-2010-44,group stage,Group E,2010-06-24,Denmark,Japan,Royal Bafokeng Stadium,Rustenburg,South Africa,27967.0,42000,0,0,0,real_match_attendance,https://github.com/jfjelstul/worldcup,https://raw.githubusercontent.com/reisanar/datasets/master/WorldCupMatches.csv
2010,2010_45,M-2010-45,group stage,Group G,2010-06-25,North Korea,Ivory Coast,Mbombela Stadium,Nelspruit,South Africa,34763.0,41000,0,0,0,real_match_attendance,https://github.com/jfjelstul/worldcup,https://raw.githubusercontent.com/reisanar/datasets/master/WorldCupMatches.csv
2010,2010_46,M-2010-46,group stage,Group G,2010-06-25,Portugal,Brazil,Moses Mabhida Stadium,Durban,South Africa,62712.0,63000,0,0,0,real_match_attendance,https://github.com/jfjelstul/worldcup,https://raw.githubusercontent.com/reisanar/datasets/master/WorldCupMatches.csv
2010,2010_47,M-2010-47,group stage,Group H,2010-06-25,Chile,Spain,Loftus Versfeld Stadium,Pretoria,South Africa,41958.0,43000,0,0,0,real_match_attendance,https://github.com/jfjelstul/worldcup,https://raw.githubusercontent.com/reisanar/datasets/master/WorldCupMatches.csv
2010,2010_48,M-2010-48,group stage,Group H,2010-06-25,Switzerland,Honduras,Free State Stadium,Bloemfontein,South Africa,28042.0,41000,0,0,0,real_match_attendance,https://github.com/jfjelstul/worldcup,https://raw.githubusercontent.com/reisanar/datasets/master/WorldCupMatches.csv
2010,2010_49,M-2010-49,round of 16,not applicable,2010-06-26,Uruguay,South Korea,Nelson Mandela Bay Stadium,Port Elizabeth,South Africa,30597.0,42000,0,0,0,real_match_attendance,https://github.com/jfjelstul/worldcup,https://raw.githubusercontent.com/reisanar/datasets/master/WorldCupMatches.csv
2010,2010_50,M-2010-50,round of 16,not applicable,2010-06-26,United States,Ghana,Royal Bafokeng Stadium,Rustenburg,South Africa,34976.0,42000,0,1,0,real_match_attendance,https://github.com/jfjelstul/worldcup,https://raw.githubusercontent.com/reisanar/datasets/master/WorldCupMatches.csv
2010,2010_51,M-2010-51,round of 16,not applicable,2010-06-27,Germany,England,Free State Stadium,Bloemfontein,South Africa,40510.0,41000,0,0,0,real_match_attendance,https://github.com/jfjelstul/worldcup,https://raw.githubusercontent.com/reisanar/datasets/master/WorldCupMatches.csv
2010,2010_52,M-2010-52,round of 16,not applicable,2010-06-27,Argentina,Mexico,Soccer City,Johannesburg,South Africa,84377.0,84000,0,0,0,real_match_attendance,https://github.com/jfjelstul/worldcup,https://raw.githubusercontent.com/reisanar/datasets/master/WorldCupMatches.csv
2010,2010_53,M-2010-53,round of 16,not applicable,2010-06-28,Netherlands,Slovakia,Moses Mabhida Stadium,Durban,South Africa,61962.0,63000,0,0,0,real_match_attendance,https://github.com/jfjelstul/worldcup,https://raw.githubusercontent.com/reisanar/datasets/master/WorldCupMatches.csv
2010,2010_54,M-2010-54,round of 16,not applicable,2010-06-28,Brazil,Chile,Ellis Park Stadium,Johannesburg,South Africa,54096.0,56000,0,0,0,real_match_attendance,https://github.com/jfjelstul/worldcup,https://raw.githubusercontent.com/reisanar/datasets/master/WorldCupMatches.csv
2010,2010_55,M-2010-55,round of 16,not applicable,2010-06-29,Paraguay,Japan,Loftus Versfeld Stadium,Pretoria,South Africa,36742.0,43000,0,1,1,real_match_attendance,https://github.com/jfjelstul/worldcup,https://raw.githubusercontent.com/reisanar/datasets/master/WorldCupMatches.csv
2010,2010_56,M-2010-56,round of 16,not applicable,2010-06-29,Spain,Portugal,Cape Town Stadium,Cape Town,South Africa,62955.0,64000,0,0,0,real_match_attendance,https://github.com/jfjelstul/worldcup,https://raw.githubusercontent.com/reisanar/datasets/master/WorldCupMatches.csv
2010,2010_57,M-2010-57,quarter-finals,not applicable,2010-07-02,Netherlands,Brazil,Nelson Mandela Bay Stadium,Port Elizabeth,South Africa,40186.0,42000,0,0,0,real_match_attendance,https://github.com/jfjelstul/worldcup,https://raw.githubusercontent.com/reisanar/datasets/master/WorldCupMatches.csv
2010,2010_58,M-2010-58,quarter-finals,not applicable,2010-07-02,Uruguay,Ghana,Soccer City,Johannesburg,South Africa,84017.0,84000,0,1,1,real_match_attendance,https://github.com/jfjelstul/worldcup,https://raw.githubusercontent.com/reisanar/datasets/master/WorldCupMatches.csv
2010,2010_59,M-2010-59,quarter-finals,not applicable,2010-07-03,Argentina,Germany,Cape Town Stadium,Cape Town,South Africa,64100.0,64000,0,0,0,real_match_attendance,https://github.com/jfjelstul/worldcup,https://raw.githubusercontent.com/reisanar/datasets/master/WorldCupMatches.csv
2010,2010_60,M-2010-60,quarter-finals,not applicable,2010-07-03,Paraguay,Spain,Ellis Park Stadium,Johannesburg,South Africa,55359.0,56000,0,0,0,real_match_attendance,https://github.com/jfjelstul/worldcup,https://raw.githubusercontent.com/reisanar/datasets/master/WorldCupMatches.csv
2010,2010_61,M-2010-61,semi-finals,not applicable,2010-07-06,Uruguay,Netherlands,Cape Town Stadium,Cape Town,South Africa,62479.0,64000,0,0,0,real_match_attendance,https://github.com/jfjelstul/worldcup,https://raw.githubusercontent.com/reisanar/datasets/master/WorldCupMatches.csv
2010,2010_62,M-2010-62,semi-finals,not applicable,2010-07-07,Germany,Spain,Moses Mabhida Stadium,Durban,South Africa,60960.0,63000,0,0,0,real_match_attendance,https://github.com/jfjelstul/worldcup,https://raw.githubusercontent.com/reisanar/datasets/master/WorldCupMatches.csv
2010,2010_63,M-2010-63,third-place match,not applicable,2010-07-10,Uruguay,Germany,Nelson Mandela Bay Stadium,Port Elizabeth,South Africa,36254.0,42000,0,0,0,real_match_attendance,https://github.com/jfjelstul/worldcup,https://raw.githubusercontent.com/reisanar/datasets/master/WorldCupMatches.csv
2010,2010_64,M-2010-64,final,not applicable,2010-07-11,Netherlands,Spain,Soccer City,Johannesburg,South Africa,84490.0,84000,0,1,0,real_match_attendance,https://github.com/jfjelstul/worldcup,https://raw.githubusercontent.com/reisanar/datasets/master/WorldCupMatches.csv
2014,2014_01,M-2014-01,group stage,Group A,2014-06-12,Brazil,Croatia,Arena Corinthians,São Paulo,Brazil,62103.0,63000,0,0,0,real_match_attendance,https://github.com/jfjelstul/worldcup,https://raw.githubusercontent.com/reisanar/datasets/master/WorldCupMatches.csv
2014,2014_02,M-2014-02,group stage,Group A,2014-06-13,Mexico,Cameroon,Arena das Dunas,Natal,Brazil,39216.0,40000,0,0,0,real_match_attendance,https://github.com/jfjelstul/worldcup,https://raw.githubusercontent.com/reisanar/datasets/master/WorldCupMatches.csv
2014,2014_03,M-2014-03,group stage,Group B,2014-06-13,Spain,Netherlands,Arena Fonte Nova,Salvador,Brazil,48173.0,52000,0,0,0,real_match_attendance,https://github.com/jfjelstul/worldcup,https://raw.githubusercontent.com/reisanar/datasets/master/WorldCupMatches.csv
2014,2014_04,M-2014-04,group stage,Group B,2014-06-13,Chile,Australia,Arena Pantanal,Cuiabá,Brazil,40275.0,41000,0,0,0,real_match_attendance,https://github.com/jfjelstul/worldcup,https://raw.githubusercontent.com/reisanar/datasets/master/WorldCupMatches.csv
2014,2014_05,M-2014-05,group stage,Group C,2014-06-14,Colombia,Greece,Estádio Mineirão,Belo Horizonte,Brazil,57174.0,43000,0,0,0,real_match_attendance,https://github.com/jfjelstul/worldcup,https://raw.githubusercontent.com/reisanar/datasets/master/WorldCupMatches.csv
2014,2014_06,M-2014-06,group stage,Group D,2014-06-14,Uruguay,Costa Rica,Estádio Castelão,Fortaleza,Brazil,58679.0,63000,0,0,0,real_match_attendance,https://github.com/jfjelstul/worldcup,https://raw.githubusercontent.com/reisanar/datasets/master/WorldCupMatches.csv
2014,2014_07,M-2014-07,group stage,Group D,2014-06-14,England,Italy,Arena da Amazônia,Manaus,Brazil,39800.0,41000,0,0,0,real_match_attendance,https://github.com/jfjelstul/worldcup,https://raw.githubusercontent.com/reisanar/datasets/master/WorldCupMatches.csv
2014,2014_08,M-2014-08,group stage,Group C,2014-06-14,Ivory Coast,Japan,Arena Pernambuco,Recife,Brazil,40267.0,43000,0,0,0,real_match_attendance,https://github.com/jfjelstul/worldcup,https://raw.githubusercontent.com/reisanar/datasets/master/WorldCupMatches.csv
2014,2014_09,M-2014-09,group stage,Group E,2014-06-15,Switzerland,Ecuador,Estádio Nacional,Brasília,Brazil,68351.0,70000,0,0,0,real_match_attendance,https://github.com/jfjelstul/worldcup,https://raw.githubusercontent.com/reisanar/datasets/master/WorldCupMatches.csv
2014,2014_10,M-2014-10,group stage,Group E,2014-06-15,France,Honduras,Estádio Beira-Rio,Porto Alegre,Brazil,43012.0,43000,0,0,0,real_match_attendance,https://github.com/jfjelstul/worldcup,https://raw.githubusercontent.com/reisanar/datasets/master/WorldCupMatches.csv
2014,2014_11,M-2014-11,group stage,Group F,2014-06-15,Argentina,Bosnia and Herzegovina,Estádio do Maracanã,Rio de Janeiro,Brazil,74738.0,200000,0,0,0,real_match_attendance,https://github.com/jfjelstul/worldcup,https://raw.githubusercontent.com/reisanar/datasets/master/WorldCupMatches.csv
2014,2014_12,M-2014-12,group stage,Group G,2014-06-16,Germany,Portugal,Arena Fonte Nova,Salvador,Brazil,51081.0,52000,0,0,0,real_match_attendance,https://github.com/jfjelstul/worldcup,https://raw.githubusercontent.com/reisanar/datasets/master/WorldCupMatches.csv
2014,2014_13,M-2014-13,group stage,Group F,2014-06-16,Iran,Nigeria,Arena da Baixada,Curitiba,Brazil,39081.0,40000,0,0,0,real_match_attendance,https://github.com/jfjelstul/worldcup,https://raw.githubusercontent.com/reisanar/datasets/master/WorldCupMatches.csv
2014,2014_14,M-2014-14,group stage,Group G,2014-06-16,Ghana,United States,Arena das Dunas,Natal,Brazil,39760.0,40000,0,0,0,real_match_attendance,https://github.com/jfjelstul/worldcup,https://raw.githubusercontent.com/reisanar/datasets/master/WorldCupMatches.csv
2014,2014_15,M-2014-15,group stage,Group H,2014-06-17,Belgium,Algeria,Estádio Mineirão,Belo Horizonte,Brazil,56800.0,43000,0,0,0,real_match_attendance,https://github.com/jfjelstul/worldcup,https://raw.githubusercontent.com/reisanar/datasets/master/WorldCupMatches.csv
2014,2014_16,M-2014-16,group stage,Group A,2014-06-17,Brazil,Mexico,Estádio Castelão,Fortaleza,Brazil,60342.0,63000,0,0,0,real_match_attendance,https://github.com/jfjelstul/worldcup,https://raw.githubusercontent.com/reisanar/datasets/master/WorldCupMatches.csv
2014,2014_17,M-2014-17,group stage,Group H,2014-06-17,Russia,South Korea,Arena Pantanal,Cuiabá,Brazil,37603.0,41000,0,0,0,real_match_attendance,https://github.com/jfjelstul/worldcup,https://raw.githubusercontent.com/reisanar/datasets/master/WorldCupMatches.csv
2014,2014_18,M-2014-18,group stage,Group B,2014-06-18,Australia,Netherlands,Estádio Beira-Rio,Porto Alegre,Brazil,42877.0,43000,0,0,0,real_match_attendance,https://github.com/jfjelstul/worldcup,https://raw.githubusercontent.com/reisanar/datasets/master/WorldCupMatches.csv
2014,2014_19,M-2014-19,group stage,Group B,2014-06-18,Spain,Chile,Estádio do Maracanã,Rio de Janeiro,Brazil,74101.0,200000,0,0,0,real_match_attendance,https://github.com/jfjelstul/worldcup,https://raw.githubusercontent.com/reisanar/datasets/master/WorldCupMatches.csv
2014,2014_20,M-2014-20,group stage,Group A,2014-06-18,Cameroon,Croatia,Arena da Amazônia,Manaus,Brazil,39982.0,41000,0,0,0,real_match_attendance,https://github.com/jfjelstul/worldcup,https://raw.githubusercontent.com/reisanar/datasets/master/WorldCupMatches.csv
2014,2014_21,M-2014-21,group stage,Group C,2014-06-19,Colombia,Ivory Coast,Estádio Nacional,Brasília,Brazil,68748.0,70000,0,0,0,real_match_attendance,https://github.com/jfjelstul/worldcup,https://raw.githubusercontent.com/reisanar/datasets/master/WorldCupMatches.csv
2014,2014_22,M-2014-22,group stage,Group D,2014-06-19,Uruguay,England,Arena Corinthians,São Paulo,Brazil,62575.0,63000,0,0,0,real_match_attendance,https://github.com/jfjelstul/worldcup,https://raw.githubusercontent.com/reisanar/datasets/master/WorldCupMatches.csv
2014,2014_23,M-2014-23,group stage,Group C,2014-06-19,Japan,Greece,Arena das Dunas,Natal,Brazil,39485.0,40000,0,0,0,real_match_attendance,https://github.com/jfjelstul/worldcup,https://raw.githubusercontent.com/reisanar/datasets/master/WorldCupMatches.csv
2014,2014_24,M-2014-24,group stage,Group D,2014-06-20,Italy,Costa Rica,Arena Pernambuco,Recife,Brazil,40285.0,43000,0,0,0,real_match_attendance,https://github.com/jfjelstul/worldcup,https://raw.githubusercontent.com/reisanar/datasets/master/WorldCupMatches.csv
2014,2014_25,M-2014-25,group stage,Group E,2014-06-20,Switzerland,France,Arena Fonte Nova,Salvador,Brazil,51003.0,52000,0,0,0,real_match_attendance,https://github.com/jfjelstul/worldcup,https://raw.githubusercontent.com/reisanar/datasets/master/WorldCupMatches.csv
2014,2014_26,M-2014-26,group stage,Group E,2014-06-20,Honduras,Ecuador,Arena da Baixada,Curitiba,Brazil,39224.0,40000,0,0,0,real_match_attendance,https://github.com/jfjelstul/worldcup,https://raw.githubusercontent.com/reisanar/datasets/master/WorldCupMatches.csv
2014,2014_27,M-2014-27,group stage,Group F,2014-06-21,Argentina,Iran,Estádio Mineirão,Belo Horizonte,Brazil,57698.0,43000,0,0,0,real_match_attendance,https://github.com/jfjelstul/worldcup,https://raw.githubusercontent.com/reisanar/datasets/master/WorldCupMatches.csv
2014,2014_28,M-2014-28,group stage,Group G,2014-06-21,Germany,Ghana,Estádio Castelão,Fortaleza,Brazil,59621.0,63000,0,0,0,real_match_attendance,https://github.com/jfjelstul/worldcup,https://raw.githubusercontent.com/reisanar/datasets/master/WorldCupMatches.csv
2014,2014_29,M-2014-29,group stage,Group F,2014-06-21,Nigeria,Bosnia and Herzegovina,Arena Pantanal,Cuiabá,Brazil,40499.0,41000,0,0,0,real_match_attendance,https://github.com/jfjelstul/worldcup,https://raw.githubusercontent.com/reisanar/datasets/master/WorldCupMatches.csv
2014,2014_30,M-2014-30,group stage,Group H,2014-06-22,Belgium,Russia,Estádio do Maracanã,Rio de Janeiro,Brazil,73819.0,200000,0,0,0,real_match_attendance,https://github.com/jfjelstul/worldcup,https://raw.githubusercontent.com/reisanar/datasets/master/WorldCupMatches.csv
2014,2014_31,M-2014-31,group stage,Group H,2014-06-22,South Korea,Algeria,Estádio Beira-Rio,Porto Alegre,Brazil,42732.0,43000,0,0,0,real_match_attendance,https://github.com/jfjelstul/worldcup,https://raw.githubusercontent.com/reisanar/datasets/master/WorldCupMatches.csv
2014,2014_32,M-2014-32,group stage,Group G,2014-06-22,United States,Portugal,Arena da Amazônia,Manaus,Brazil,40123.0,41000,0,0,0,real_match_attendance,https://github.com/jfjelstul/worldcup,https://raw.githubusercontent.com/reisanar/datasets/master/WorldCupMatches.csv
2014,2014_33,M-2014-33,group stage,Group B,2014-06-23,Australia,Spain,Arena da Baixada,Curitiba,Brazil,39375.0,40000,0,0,0,real_match_attendance,https://github.com/jfjelstul/worldcup,https://raw.githubusercontent.com/reisanar/datasets/master/WorldCupMatches.csv
2014,2014_34,M-2014-34,group stage,Group B,2014-06-23,Netherlands,Chile,Arena Corinthians,São Paulo,Brazil,62996.0,63000,0,0,0,real_match_attendance,https://github.com/jfjelstul/worldcup,https://raw.githubusercontent.com/reisanar/datasets/master/WorldCupMatches.csv
2014,2014_35,M-2014-35,group stage,Group A,2014-06-23,Cameroon,Brazil,Estádio Nacional,Brasília,Brazil,69112.0,70000,0,0,0,real_match_attendance,https://github.com/jfjelstul/worldcup,https://raw.githubusercontent.com/reisanar/datasets/master/WorldCupMatches.csv
2014,2014_36,M-2014-36,group stage,Group A,2014-06-23,Croatia,Mexico,Arena Pernambuco,Recife,Brazil,41212.0,43000,0,0,0,real_match_attendance,https://github.com/jfjelstul/worldcup,https://raw.githubusercontent.com/reisanar/datasets/master/WorldCupMatches.csv
2014,2014_37,M-2014-37,group stage,Group D,2014-06-24,Costa Rica,England,Estádio Mineirão,Belo Horizonte,Brazil,57823.0,43000,0,0,0,real_match_attendance,https://github.com/jfjelstul/worldcup,https://raw.githubusercontent.com/reisanar/datasets/master/WorldCupMatches.csv
2014,2014_38,M-2014-38,group stage,Group D,2014-06-24,Italy,Uruguay,Arena das Dunas,Natal,Brazil,39706.0,40000,0,0,0,real_match_attendance,https://github.com/jfjelstul/worldcup,https://raw.githubusercontent.com/reisanar/datasets/master/WorldCupMatches.csv
2014,2014_39,M-2014-39,group stage,Group C,2014-06-24,Japan,Colombia,Arena Pantanal,Cuiabá,Brazil,40340.0,41000,0,0,0,real_match_attendance,https://github.com/jfjelstul/worldcup,https://raw.githubusercontent.com/reisanar/datasets/master/WorldCupMatches.csv
2014,2014_40,M-2014-40,group stage,Group C,2014-06-24,Greece,Ivory Coast,Estádio Castelão,Fortaleza,Brazil,59095.0,63000,0,0,0,real_match_attendance,https://github.com/jfjelstul/worldcup,https://raw.githubusercontent.com/reisanar/datasets/master/WorldCupMatches.csv
2014,2014_41,M-2014-41,group stage,Group F,2014-06-25,Bosnia and Herzegovina,Iran,Arena Fonte Nova,Salvador,Brazil,48011.0,52000,0,0,0,real_match_attendance,https://github.com/jfjelstul/worldcup,https://raw.githubusercontent.com/reisanar/datasets/master/WorldCupMatches.csv
2014,2014_42,M-2014-42,group stage,Group F,2014-06-25,Nigeria,Argentina,Estádio Beira-Rio,Porto Alegre,Brazil,43285.0,43000,0,0,0,real_match_attendance,https://github.com/jfjelstul/worldcup,https://raw.githubusercontent.com/reisanar/datasets/master/WorldCupMatches.csv
2014,2014_43,M-2014-43,group stage,Group E,2014-06-25,Honduras,Switzerland,Arena da Amazônia,Manaus,Brazil,40322.0,41000,0,0,0,real_match_attendance,https://github.com/jfjelstul/worldcup,https://raw.githubusercontent.com/reisanar/datasets/master/WorldCupMatches.csv
2014,2014_44,M-2014-44,group stage,Group E,2014-06-25,Ecuador,France,Estádio do Maracanã,Rio de Janeiro,Brazil,73749.0,200000,0,0,0,real_match_attendance,https://github.com/jfjelstul/worldcup,https://raw.githubusercontent.com/reisanar/datasets/master/WorldCupMatches.csv
2014,2014_45,M-2014-45,group stage,Group G,2014-06-26,Portugal,Ghana,Estádio Nacional,Brasília,Brazil,67540.0,70000,0,0,0,real_match_attendance,https://github.com/jfjelstul/worldcup,https://raw.githubusercontent.com/reisanar/datasets/master/WorldCupMatches.csv
2014,2014_46,M-2014-46,group stage,Group G,2014-06-26,United States,Germany,Arena Pernambuco,Recife,Brazil,41876.0,43000,0,0,0,real_match_attendance,https://github.com/jfjelstul/worldcup,https://raw.githubusercontent.com/reisanar/datasets/master/WorldCupMatches.csv
2014,2014_47,M-2014-47,group stage,Group H,2014-06-26,Algeria,Russia,Arena da Baixada,Curitiba,Brazil,39311.0,40000,0,0,0,real_match_attendance,https://github.com/jfjelstul/worldcup,https://raw.githubusercontent.com/reisanar/datasets/master/WorldCupMatches.csv
2014,2014_48,M-2014-48,group stage,Group H,2014-06-26,South Korea,Belgium,Arena Corinthians,São Paulo,Brazil,61397.0,63000,0,0,0,real_match_attendance,https://github.com/jfjelstul/worldcup,https://raw.githubusercontent.com/reisanar/datasets/master/WorldCupMatches.csv
2014,2014_49,M-2014-49,round of 16,not applicable,2014-06-28,Brazil,Chile,Estádio Mineirão,Belo Horizonte,Brazil,57714.0,43000,0,1,1,real_match_attendance,https://github.com/jfjelstul/worldcup,https://raw.githubusercontent.com/reisanar/datasets/master/WorldCupMatches.csv
2014,2014_50,M-2014-50,round of 16,not applicable,2014-06-28,Colombia,Uruguay,Estádio do Maracanã,Rio de Janeiro,Brazil,73804.0,200000,0,0,0,real_match_attendance,https://github.com/jfjelstul/worldcup,https://raw.githubusercontent.com/reisanar/datasets/master/WorldCupMatches.csv
2014,2014_51,M-2014-51,round of 16,not applicable,2014-06-29,Netherlands,Mexico,Estádio Castelão,Fortaleza,Brazil,58817.0,63000,0,0,0,real_match_attendance,https://github.com/jfjelstul/worldcup,https://raw.githubusercontent.com/reisanar/datasets/master/WorldCupMatches.csv
2014,2014_52,M-2014-52,round of 16,not applicable,2014-06-29,Costa Rica,Greece,Arena Pernambuco,Recife,Brazil,41242.0,43000,0,1,1,real_match_attendance,https://github.com/jfjelstul/worldcup,https://raw.githubusercontent.com/reisanar/datasets/master/WorldCupMatches.csv
2014,2014_53,M-2014-53,round of 16,not applicable,2014-06-30,France,Nigeria,Estádio Nacional,Brasília,Brazil,67882.0,70000,0,0,0,real_match_attendance,https://github.com/jfjelstul/worldcup,https://raw.githubusercontent.com/reisanar/datasets/master/WorldCupMatches.csv
2014,2014_54,M-2014-54,round of 16,not applicable,2014-06-30,Germany,Algeria,Estádio Beira-Rio,Porto Alegre,Brazil,43063.0,43000,0,1,0,real_match_attendance,https://github.com/jfjelstul/worldcup,https://raw.githubusercontent.com/reisanar/datasets/master/WorldCupMatches.csv
2014,2014_55,M-2014-55,round of 16,not applicable,2014-07-01,Argentina,Switzerland,Arena Corinthians,São Paulo,Brazil,63255.0,63000,0,1,0,real_match_attendance,https://github.com/jfjelstul/worldcup,https://raw.githubusercontent.com/reisanar/datasets/master/WorldCupMatches.csv
2014,2014_56,M-2014-56,round of 16,not applicable,2014-07-01,Belgium,United States,Arena Fonte Nova,Salvador,Brazil,51227.0,52000,0,1,0,real_match_attendance,https://github.com/jfjelstul/worldcup,https://raw.githubusercontent.com/reisanar/datasets/master/WorldCupMatches.csv
2014,2014_57,M-2014-57,quarter-finals,not applicable,2014-07-04,France,Germany,Estádio do Maracanã,Rio de Janeiro,Brazil,74240.0,200000,0,0,0,real_match_attendance,https://github.com/jfjelstul/worldcup,https://raw.githubusercontent.com/reisanar/datasets/master/WorldCupMatches.csv
2014,2014_58,M-2014-58,quarter-finals,not applicable,2014-07-04,Brazil,Colombia,Estádio Castelão,Fortaleza,Brazil,60342.0,63000,0,0,0,real_match_attendance,https://github.com/jfjelstul/worldcup,https://raw.githubusercontent.com/reisanar/datasets/master/WorldCupMatches.csv
2014,2014_59,M-2014-59,quarter-finals,not applicable,2014-07-05,Argentina,Belgium,Estádio Nacional,Brasília,Brazil,68551.0,70000,0,0,0,real_match_attendance,https://github.com/jfjelstul/worldcup,https://raw.githubusercontent.com/reisanar/datasets/master/WorldCupMatches.csv
2014,2014_60,M-2014-60,quarter-finals,not applicable,2014-07-05,Netherlands,Costa Rica,Arena Fonte Nova,Salvador,Brazil,51179.0,52000,0,1,1,real_match_attendance,https://github.com/jfjelstul/worldcup,https://raw.githubusercontent.com/reisanar/datasets/master/WorldCupMatches.csv
2014,2014_61,M-2014-61,semi-finals,not applicable,2014-07-08,Brazil,Germany,Estádio Mineirão,Belo Horizonte,Brazil,58141.0,43000,0,0,0,real_match_attendance,https://github.com/jfjelstul/worldcup,https://raw.githubusercontent.com/reisanar/datasets/master/WorldCupMatches.csv
2014,2014_62,M-2014-62,semi-finals,not applicable,2014-07-09,Netherlands,Argentina,Arena Corinthians,São Paulo,Brazil,63267.0,63000,0,1,1,real_match_attendance,https://github.com/jfjelstul/worldcup,https://raw.githubusercontent.com/reisanar/datasets/master/WorldCupMatches.csv
2014,2014_63,M-2014-63,third-place match,not applicable,2014-07-12,Brazil,Netherlands,Estádio Nacional,Brasília,Brazil,68034.0,70000,0,0,0,real_match_attendance,https://github.com/jfjelstul/worldcup,https://raw.githubusercontent.com/reisanar/datasets/master/WorldCupMatches.csv
2014,2014_64,M-2014-64,final,not applicable,2014-07-13,Germany,Argentina,Estádio do Maracanã,Rio de Janeiro,Brazil,74738.0,200000,0,1,0,real_match_attendance,https://github.com/jfjelstul/worldcup,https://raw.githubusercontent.com/reisanar/datasets/master/WorldCupMatches.csv
2018,2018_01,M-2018-01,group stage,Group A,2018-06-14,Russia,Saudi Arabia,Luzhniki Stadium,Moscow,Russia,78505.0,78000,0,0,0,estimated_from_official_total,https://github.com/jfjelstul/worldcup,https://en.wikipedia.org/wiki/2018_FIFA_World_Cup
2018,2018_02,M-2018-02,group stage,Group A,2018-06-15,Egypt,Uruguay,Central Stadium,Yekaterinburg,Russia,31632.0,33000,0,0,0,estimated_from_official_total,https://github.com/jfjelstul/worldcup,https://en.wikipedia.org/wiki/2018_FIFA_World_Cup
2018,2018_03,M-2018-03,group stage,Group B,2018-06-15,Morocco,Iran,Krestovsky Stadium,Saint Petersburg,Russia,61347.0,64000,0,0,0,estimated_from_official_total,https://github.com/jfjelstul/worldcup,https://en.wikipedia.org/wiki/2018_FIFA_World_Cup
2018,2018_04,M-2018-04,group stage,Group B,2018-06-15,Portugal,Spain,Fisht Olympic Stadium,Sochi,Russia,42176.0,44000,0,0,0,estimated_from_official_total,https://github.com/jfjelstul/worldcup,https://en.wikipedia.org/wiki/2018_FIFA_World_Cup
2018,2018_05,M-2018-05,group stage,Group C,2018-06-16,France,Australia,Kazan Arena,Kazan,Russia,41218.0,43000,0,0,0,estimated_from_official_total,https://github.com/jfjelstul/worldcup,https://en.wikipedia.org/wiki/2018_FIFA_World_Cup
2018,2018_06,M-2018-06,group stage,Group D,2018-06-16,Argentina,Iceland,Otkritie Arena,Moscow,Russia,42176.0,44000,0,0,0,estimated_from_official_total,https://github.com/jfjelstul/worldcup,https://en.wikipedia.org/wiki/2018_FIFA_World_Cup
2018,2018_07,M-2018-07,group stage,Group C,2018-06-16,Peru,Denmark,Mordovia Arena,Saransk,Russia,40259.0,42000,0,0,0,estimated_from_official_total,https://github.com/jfjelstul/worldcup,https://en.wikipedia.org/wiki/2018_FIFA_World_Cup
2018,2018_08,M-2018-08,group stage,Group D,2018-06-16,Croatia,Nigeria,Kaliningrad Stadium,Kaliningrad,Russia,32591.0,34000,0,0,0,estimated_from_official_total,https://github.com/jfjelstul/worldcup,https://en.wikipedia.org/wiki/2018_FIFA_World_Cup
2018,2018_09,M-2018-09,group stage,Group E,2018-06-17,Costa Rica,Serbia,Samara Arena,Samara,Russia,40259.0,42000,0,0,0,estimated_from_official_total,https://github.com/jfjelstul/worldcup,https://en.wikipedia.org/wiki/2018_FIFA_World_Cup
2018,2018_10,M-2018-10,group stage,Group F,2018-06-17,Germany,Mexico,Luzhniki Stadium,Moscow,Russia,74767.0,78000,0,0,0,estimated_from_official_total,https://github.com/jfjelstul/worldcup,https://en.wikipedia.org/wiki/2018_FIFA_World_Cup
2018,2018_11,M-2018-11,group stage,Group E,2018-06-17,Brazil,Switzerland,Rostov Arena,Rostov-on-Don,Russia,41218.0,43000,0,0,0,estimated_from_official_total,https://github.com/jfjelstul/worldcup,https://en.wikipedia.org/wiki/2018_FIFA_World_Cup
2018,2018_12,M-2018-12,group stage,Group F,2018-06-18,Sweden,South Korea,Nizhny Novgorod Stadium,Nizhny Novgorod,Russia,41218.0,43000,0,0,0,estimated_from_official_total,https://github.com/jfjelstul/worldcup,https://en.wikipedia.org/wiki/2018_FIFA_World_Cup
2018,2018_13,M-2018-13,group stage,Group G,2018-06-18,Belgium,Panama,Fisht Olympic Stadium,Sochi,Russia,42176.0,44000,0,0,0,estimated_from_official_total,https://github.com/jfjelstul/worldcup,https://en.wikipedia.org/wiki/2018_FIFA_World_Cup
2018,2018_14,M-2018-14,group stage,Group G,2018-06-18,Tunisia,England,Volgograd Arena,Volgograd,Russia,42176.0,44000,0,0,0,estimated_from_official_total,https://github.com/jfjelstul/worldcup,https://en.wikipedia.org/wiki/2018_FIFA_World_Cup
2018,2018_15,M-2018-15,group stage,Group H,2018-06-19,Colombia,Japan,Mordovia Arena,Saransk,Russia,40259.0,42000,0,0,0,estimated_from_official_total,https://github.com/jfjelstul/worldcup,https://en.wikipedia.org/wiki/2018_FIFA_World_Cup
2018,2018_16,M-2018-16,group stage,Group H,2018-06-19,Poland,Senegal,Otkritie Arena,Moscow,Russia,42176.0,44000,0,0,0,estimated_from_official_total,https://github.com/jfjelstul/worldcup,https://en.wikipedia.org/wiki/2018_FIFA_World_Cup
2018,2018_17,M-2018-17,group stage,Group A,2018-06-19,Russia,Egypt,Krestovsky Stadium,Saint Petersburg,Russia,64415.0,64000,0,0,0,estimated_from_official_total,https://github.com/jfjelstul/worldcup,https://en.wikipedia.org/wiki/2018_FIFA_World_Cup
2018,2018_18,M-2018-18,group stage,Group B,2018-06-20,Portugal,Morocco,Luzhniki Stadium,Moscow,Russia,74767.0,78000,0,0,0,estimated_from_official_total,https://github.com/jfjelstul/worldcup,https://en.wikipedia.org/wiki/2018_FIFA_World_Cup
2018,2018_19,M-2018-19,group stage,Group A,2018-06-20,Uruguay,Saudi Arabia,Rostov Arena,Rostov-on-Don,Russia,41218.0,43000,0,0,0,estimated_from_official_total,https://github.com/jfjelstul/worldcup,https://en.wikipedia.org/wiki/2018_FIFA_World_Cup
2018,2018_20,M-2018-20,group stage,Group B,2018-06-20,Iran,Spain,Kazan Arena,Kazan,Russia,41218.0,43000,0,0,0,estimated_from_official_total,https://github.com/jfjelstul/worldcup,https://en.wikipedia.org/wiki/2018_FIFA_World_Cup
2018,2018_21,M-2018-21,group stage,Group C,2018-06-21,Denmark,Australia,Samara Arena,Samara,Russia,40259.0,42000,0,0,0,estimated_from_official_total,https://github.com/jfjelstul/worldcup,https://en.wikipedia.org/wiki/2018_FIFA_World_Cup
2018,2018_22,M-2018-22,group stage,Group C,2018-06-21,France,Peru,Central Stadium,Yekaterinburg,Russia,31632.0,33000,0,0,0,estimated_from_official_total,https://github.com/jfjelstul/worldcup,https://en.wikipedia.org/wiki/2018_FIFA_World_Cup
2018,2018_23,M-2018-23,group stage,Group D,2018-06-21,Argentina,Croatia,Nizhny Novgorod Stadium,Nizhny Novgorod,Russia,41218.0,43000,0,0,0,estimated_from_official_total,https://github.com/jfjelstul/worldcup,https://en.wikipedia.org/wiki/2018_FIFA_World_Cup
2018,2018_24,M-2018-24,group stage,Group E,2018-06-22,Brazil,Costa Rica,Krestovsky Stadium,Saint Petersburg,Russia,61347.0,64000,0,0,0,estimated_from_official_total,https://github.com/jfjelstul/worldcup,https://en.wikipedia.org/wiki/2018_FIFA_World_Cup
2018,2018_25,M-2018-25,group stage,Group D,2018-06-22,Nigeria,Iceland,Volgograd Arena,Volgograd,Russia,42176.0,44000,0,0,0,estimated_from_official_total,https://github.com/jfjelstul/worldcup,https://en.wikipedia.org/wiki/2018_FIFA_World_Cup
2018,2018_26,M-2018-26,group stage,Group E,2018-06-22,Serbia,Switzerland,Kaliningrad Stadium,Kaliningrad,Russia,32591.0,34000,0,0,0,estimated_from_official_total,https://github.com/jfjelstul/worldcup,https://en.wikipedia.org/wiki/2018_FIFA_World_Cup
2018,2018_27,M-2018-27,group stage,Group G,2018-06-23,Belgium,Tunisia,Otkritie Arena,Moscow,Russia,42176.0,44000,0,0,0,estimated_from_official_total,https://github.com/jfjelstul/worldcup,https://en.wikipedia.org/wiki/2018_FIFA_World_Cup
2018,2018_28,M-2018-28,group stage,Group F,2018-06-23,South Korea,Mexico,Rostov Arena,Rostov-on-Don,Russia,41218.0,43000,0,0,0,estimated_from_official_total,https://github.com/jfjelstul/worldcup,https://en.wikipedia.org/wiki/2018_FIFA_World_Cup
2018,2018_29,M-2018-29,group stage,Group F,2018-06-23,Germany,Sweden,Fisht Olympic Stadium,Sochi,Russia,42176.0,44000,0,0,0,estimated_from_official_total,https://github.com/jfjelstul/worldcup,https://en.wikipedia.org/wiki/2018_FIFA_World_Cup
2018,2018_30,M-2018-30,group stage,Group G,2018-06-24,England,Panama,Nizhny Novgorod Stadium,Nizhny Novgorod,Russia,41218.0,43000,0,0,0,estimated_from_official_total,https://github.com/jfjelstul/worldcup,https://en.wikipedia.org/wiki/2018_FIFA_World_Cup
2018,2018_31,M-2018-31,group stage,Group H,2018-06-24,Japan,Senegal,Central Stadium,Yekaterinburg,Russia,31632.0,33000,0,0,0,estimated_from_official_total,https://github.com/jfjelstul/worldcup,https://en.wikipedia.org/wiki/2018_FIFA_World_Cup
2018,2018_32,M-2018-32,group stage,Group H,2018-06-24,Poland,Colombia,Kazan Arena,Kazan,Russia,41218.0,43000,0,0,0,estimated_from_official_total,https://github.com/jfjelstul/worldcup,https://en.wikipedia.org/wiki/2018_FIFA_World_Cup
2018,2018_33,M-2018-33,group stage,Group A,2018-06-25,Saudi Arabia,Egypt,Volgograd Arena,Volgograd,Russia,42176.0,44000,0,0,0,estimated_from_official_total,https://github.com/jfjelstul/worldcup,https://en.wikipedia.org/wiki/2018_FIFA_World_Cup
2018,2018_34,M-2018-34,group stage,Group A,2018-06-25,Uruguay,Russia,Samara Arena,Samara,Russia,42272.0,42000,0,0,0,estimated_from_official_total,https://github.com/jfjelstul/worldcup,https://en.wikipedia.org/wiki/2018_FIFA_World_Cup
2018,2018_35,M-2018-35,group stage,Group B,2018-06-25,Spain,Morocco,Kaliningrad Stadium,Kaliningrad,Russia,32591.0,34000,0,0,0,estimated_from_official_total,https://github.com/jfjelstul/worldcup,https://en.wikipedia.org/wiki/2018_FIFA_World_Cup
2018,2018_36,M-2018-36,group stage,Group B,2018-06-25,Iran,Portugal,Mordovia Arena,Saransk,Russia,40259.0,42000,0,0,0,estimated_from_official_total,https://github.com/jfjelstul/worldcup,https://en.wikipedia.org/wiki/2018_FIFA_World_Cup
2018,2018_37,M-2018-37,group stage,Group C,2018-06-26,Australia,Peru,Fisht Olympic Stadium,Sochi,Russia,42176.0,44000,0,0,0,estimated_from_official_total,https://github.com/jfjelstul/worldcup,https://en.wikipedia.org/wiki/2018_FIFA_World_Cup
2018,2018_38,M-2018-38,group stage,Group C,2018-06-26,Denmark,France,Luzhniki Stadium,Moscow,Russia,74767.0,78000,0,0,0,estimated_from_official_total,https://github.com/jfjelstul/worldcup,https://en.wikipedia.org/wiki/2018_FIFA_World_Cup
2018,2018_39,M-2018-39,group stage,Group D,2018-06-26,Iceland,Croatia,Rostov Arena,Rostov-on-Don,Russia,41218.0,43000,0,0,0,estimated_from_official_total,https://github.com/jfjelstul/worldcup,https://en.wikipedia.org/wiki/2018_FIFA_World_Cup
2018,2018_40,M-2018-40,group stage,Group D,2018-06-26,Nigeria,Argentina,Krestovsky Stadium,Saint Petersburg,Russia,61347.0,64000,0,0,0,estimated_from_official_total,https://github.com/jfjelstul/worldcup,https://en.wikipedia.org/wiki/2018_FIFA_World_Cup
2018,2018_41,M-2018-41,group stage,Group F,2018-06-27,South Korea,Germany,Kazan Arena,Kazan,Russia,41218.0,43000,0,0,0,estimated_from_official_total,https://github.com/jfjelstul/worldcup,https://en.wikipedia.org/wiki/2018_FIFA_World_Cup
2018,2018_42,M-2018-42,group stage,Group F,2018-06-27,Mexico,Sweden,Central Stadium,Yekaterinburg,Russia,31632.0,33000,0,0,0,estimated_from_official_total,https://github.com/jfjelstul/worldcup,https://en.wikipedia.org/wiki/2018_FIFA_World_Cup
2018,2018_43,M-2018-43,group stage,Group E,2018-06-27,Serbia,Brazil,Otkritie Arena,Moscow,Russia,42176.0,44000,0,0,0,estimated_from_official_total,https://github.com/jfjelstul/worldcup,https://en.wikipedia.org/wiki/2018_FIFA_World_Cup
2018,2018_44,M-2018-44,group stage,Group E,2018-06-27,Switzerland,Costa Rica,Nizhny Novgorod Stadium,Nizhny Novgorod,Russia,41218.0,43000,0,0,0,estimated_from_official_total,https://github.com/jfjelstul/worldcup,https://en.wikipedia.org/wiki/2018_FIFA_World_Cup
2018,2018_45,M-2018-45,group stage,Group H,2018-06-28,Japan,Poland,Volgograd Arena,Volgograd,Russia,42176.0,44000,0,0,0,estimated_from_official_total,https://github.com/jfjelstul/worldcup,https://en.wikipedia.org/wiki/2018_FIFA_World_Cup
2018,2018_46,M-2018-46,group stage,Group H,2018-06-28,Senegal,Colombia,Samara Arena,Samara,Russia,40259.0,42000,0,0,0,estimated_from_official_total,https://github.com/jfjelstul/worldcup,https://en.wikipedia.org/wiki/2018_FIFA_World_Cup
2018,2018_47,M-2018-47,group stage,Group G,2018-06-28,England,Belgium,Kaliningrad Stadium,Kaliningrad,Russia,32591.0,34000,0,0,0,estimated_from_official_total,https://github.com/jfjelstul/worldcup,https://en.wikipedia.org/wiki/2018_FIFA_World_Cup
2018,2018_48,M-2018-48,group stage,Group G,2018-06-28,Panama,Tunisia,Mordovia Arena,Saransk,Russia,40259.0,42000,0,0,0,estimated_from_official_total,https://github.com/jfjelstul/worldcup,https://en.wikipedia.org/wiki/2018_FIFA_World_Cup
2018,2018_49,M-2018-49,round of 16,not applicable,2018-06-30,France,Argentina,Kazan Arena,Kazan,Russia,43279.0,43000,0,0,0,estimated_from_official_total,https://github.com/jfjelstul/worldcup,https://en.wikipedia.org/wiki/2018_FIFA_World_Cup
2018,2018_50,M-2018-50,round of 16,not applicable,2018-06-30,Uruguay,Portugal,Fisht Olympic Stadium,Sochi,Russia,44285.0,44000,0,0,0,estimated_from_official_total,https://github.com/jfjelstul/worldcup,https://en.wikipedia.org/wiki/2018_FIFA_World_Cup
2018,2018_51,M-2018-51,round of 16,not applicable,2018-07-01,Spain,Russia,Luzhniki Stadium,Moscow,Russia,82431.0,78000,0,1,1,estimated_from_official_total,https://github.com/jfjelstul/worldcup,https://en.wikipedia.org/wiki/2018_FIFA_World_Cup
2018,2018_52,M-2018-52,round of 16,not applicable,2018-07-01,Croatia,Denmark,Nizhny Novgorod Stadium,Nizhny Novgorod,Russia,43279.0,43000,0,1,1,estimated_from_official_total,https://github.com/jfjelstul/worldcup,https://en.wikipedia.org/wiki/2018_FIFA_World_Cup
2018,2018_53,M-2018-53,round of 16,not applicable,2018-07-02,Brazil,Mexico,Samara Arena,Samara,Russia,42272.0,42000,0,0,0,estimated_from_official_total,https://github.com/jfjelstul/worldcup,https://en.wikipedia.org/wiki/2018_FIFA_World_Cup
2018,2018_54,M-2018-54,round of 16,not applicable,2018-07-02,Belgium,Japan,Rostov Arena,Rostov-on-Don,Russia,43279.0,43000,0,0,0,estimated_from_official_total,https://github.com/jfjelstul/worldcup,https://en.wikipedia.org/wiki/2018_FIFA_World_Cup
2018,2018_55,M-2018-55,round of 16,not applicable,2018-07-03,Sweden,Switzerland,Krestovsky Stadium,Saint Petersburg,Russia,64415.0,64000,0,0,0,estimated_from_official_total,https://github.com/jfjelstul/worldcup,https://en.wikipedia.org/wiki/2018_FIFA_World_Cup
2018,2018_56,M-2018-56,round of 16,not applicable,2018-07-03,Colombia,England,Otkritie Arena,Moscow,Russia,44285.0,44000,0,1,1,estimated_from_official_total,https://github.com/jfjelstul/worldcup,https://en.wikipedia.org/wiki/2018_FIFA_World_Cup
2018,2018_57,M-2018-57,quarter-finals,not applicable,2018-07-06,Uruguay,France,Nizhny Novgorod Stadium,Nizhny Novgorod,Russia,45339.0,43000,0,0,0,estimated_from_official_total,https://github.com/jfjelstul/worldcup,https://en.wikipedia.org/wiki/2018_FIFA_World_Cup
2018,2018_58,M-2018-58,quarter-finals,not applicable,2018-07-06,Brazil,Belgium,Kazan Arena,Kazan,Russia,45339.0,43000,0,0,0,estimated_from_official_total,https://github.com/jfjelstul/worldcup,https://en.wikipedia.org/wiki/2018_FIFA_World_Cup
2018,2018_59,M-2018-59,quarter-finals,not applicable,2018-07-07,Sweden,England,Samara Arena,Samara,Russia,44285.0,42000,0,0,0,estimated_from_official_total,https://github.com/jfjelstul/worldcup,https://en.wikipedia.org/wiki/2018_FIFA_World_Cup
2018,2018_60,M-2018-60,quarter-finals,not applicable,2018-07-07,Russia,Croatia,Fisht Olympic Stadium,Sochi,Russia,48714.0,44000,0,1,1,estimated_from_official_total,https://github.com/jfjelstul/worldcup,https://en.wikipedia.org/wiki/2018_FIFA_World_Cup
2018,2018_61,M-2018-61,semi-finals,not applicable,2018-07-10,France,Belgium,Krestovsky Stadium,Saint Petersburg,Russia,70549.0,64000,0,0,0,estimated_from_official_total,https://github.com/jfjelstul/worldcup,https://en.wikipedia.org/wiki/2018_FIFA_World_Cup
2018,2018_62,M-2018-62,semi-finals,not applicable,2018-07-11,Croatia,England,Luzhniki Stadium,Moscow,Russia,85982.0,78000,0,1,0,estimated_from_official_total,https://github.com/jfjelstul/worldcup,https://en.wikipedia.org/wiki/2018_FIFA_World_Cup
2018,2018_63,M-2018-63,third-place match,not applicable,2018-07-14,Belgium,England,Krestovsky Stadium,Saint Petersburg,Russia,61347.0,64000,0,0,0,estimated_from_official_total,https://github.com/jfjelstul/worldcup,https://en.wikipedia.org/wiki/2018_FIFA_World_Cup
2018,2018_64,M-2018-64,final,not applicable,2018-07-15,France,Croatia,Luzhniki Stadium,Moscow,Russia,89721.0,78000,0,0,0,estimated_from_official_total,https://github.com/jfjelstul/worldcup,https://en.wikipedia.org/wiki/2018_FIFA_World_Cup
2022,2022_01,M-2022-01,group stage,Group A,2022-11-20,Qatar,Ecuador,Al Bayt Stadium,Al Khor,Qatar,67372.0,69000,0,0,0,real_match_level,https://github.com/jfjelstul/worldcup,https://github.com/shreeparab1890/Fifa-WC-2022-Qatar-Data-Analysis-EDA/raw/refs/heads/main/Fifa_WC_2022_Match_data.csv
2022,2022_02,M-2022-02,group stage,Group B,2022-11-21,England,Iran,Khalifa International Stadium,Al Rayyan,Qatar,45334.0,46000,0,0,0,real_match_level,https://github.com/jfjelstul/worldcup,https://github.com/shreeparab1890/Fifa-WC-2022-Qatar-Data-Analysis-EDA/raw/refs/heads/main/Fifa_WC_2022_Match_data.csv
2022,2022_03,M-2022-03,group stage,Group A,2022-11-21,Senegal,Netherlands,Al Thumama Stadium,Doha,Qatar,41721.0,44000,0,0,0,real_match_level,https://github.com/jfjelstul/worldcup,https://github.com/shreeparab1890/Fifa-WC-2022-Qatar-Data-Analysis-EDA/raw/refs/heads/main/Fifa_WC_2022_Match_data.csv
2022,2022_04,M-2022-04,group stage,Group B,2022-11-21,United States,Wales,Ahmad bin Ali Stadium,Al Rayyan,Qatar,43418.0,45000,0,0,0,real_match_level,https://github.com/jfjelstul/worldcup,https://github.com/shreeparab1890/Fifa-WC-2022-Qatar-Data-Analysis-EDA/raw/refs/heads/main/Fifa_WC_2022_Match_data.csv
2022,2022_05,M-2022-05,group stage,Group C,2022-11-22,Argentina,Saudi Arabia,Lusail Stadium,Lusail,Qatar,88012.0,89000,0,0,0,real_match_level,https://github.com/jfjelstul/worldcup,https://github.com/shreeparab1890/Fifa-WC-2022-Qatar-Data-Analysis-EDA/raw/refs/heads/main/Fifa_WC_2022_Match_data.csv
2022,2022_06,M-2022-06,group stage,Group D,2022-11-22,Denmark,Tunisia,Education City Stadium,Al Rayyan,Qatar,42925.0,45000,0,0,0,real_match_level,https://github.com/jfjelstul/worldcup,https://github.com/shreeparab1890/Fifa-WC-2022-Qatar-Data-Analysis-EDA/raw/refs/heads/main/Fifa_WC_2022_Match_data.csv
2022,2022_07,M-2022-07,group stage,Group C,2022-11-22,Mexico,Poland,Stadium 974,Doha,Qatar,39369.0,44000,0,0,0,real_match_level,https://github.com/jfjelstul/worldcup,https://github.com/shreeparab1890/Fifa-WC-2022-Qatar-Data-Analysis-EDA/raw/refs/heads/main/Fifa_WC_2022_Match_data.csv
2022,2022_08,M-2022-08,group stage,Group D,2022-11-22,France,Australia,Al Janoub Stadium,Al Wakrah,Qatar,40875.0,44000,0,0,0,real_match_level,https://github.com/jfjelstul/worldcup,https://github.com/shreeparab1890/Fifa-WC-2022-Qatar-Data-Analysis-EDA/raw/refs/heads/main/Fifa_WC_2022_Match_data.csv
2022,2022_09,M-2022-09,group stage,Group F,2022-11-23,Morocco,Croatia,Al Bayt Stadium,Al Khor,Qatar,59407.0,69000,0,0,0,real_match_level,https://github.com/jfjelstul/worldcup,https://github.com/shreeparab1890/Fifa-WC-2022-Qatar-Data-Analysis-EDA/raw/refs/heads/main/Fifa_WC_2022_Match_data.csv
2022,2022_10,M-2022-10,group stage,Group E,2022-11-23,Germany,Japan,Khalifa International Stadium,Al Rayyan,Qatar,42608.0,46000,0,0,0,real_match_level,https://github.com/jfjelstul/worldcup,https://github.com/shreeparab1890/Fifa-WC-2022-Qatar-Data-Analysis-EDA/raw/refs/heads/main/Fifa_WC_2022_Match_data.csv
2022,2022_11,M-2022-11,group stage,Group E,2022-11-23,Spain,Costa Rica,Al Thumama Stadium,Doha,Qatar,40013.0,44000,0,0,0,real_match_level,https://github.com/jfjelstul/worldcup,https://github.com/shreeparab1890/Fifa-WC-2022-Qatar-Data-Analysis-EDA/raw/refs/heads/main/Fifa_WC_2022_Match_data.csv
2022,2022_12,M-2022-12,group stage,Group F,2022-11-23,Belgium,Canada,Ahmad bin Ali Stadium,Al Rayyan,Qatar,40432.0,45000,0,0,0,real_match_level,https://github.com/jfjelstul/worldcup,https://github.com/shreeparab1890/Fifa-WC-2022-Qatar-Data-Analysis-EDA/raw/refs/heads/main/Fifa_WC_2022_Match_data.csv
2022,2022_13,M-2022-13,group stage,Group G,2022-11-24,Switzerland,Cameroon,Al Janoub Stadium,Al Wakrah,Qatar,39089.0,44000,0,0,0,real_match_level,https://github.com/jfjelstul/worldcup,https://github.com/shreeparab1890/Fifa-WC-2022-Qatar-Data-Analysis-EDA/raw/refs/heads/main/Fifa_WC_2022_Match_data.csv
2022,2022_14,M-2022-14,group stage,Group H,2022-11-24,Uruguay,South Korea,Education City Stadium,Al Rayyan,Qatar,41663.0,45000,0,0,0,real_match_level,https://github.com/jfjelstul/worldcup,https://github.com/shreeparab1890/Fifa-WC-2022-Qatar-Data-Analysis-EDA/raw/refs/heads/main/Fifa_WC_2022_Match_data.csv
2022,2022_15,M-2022-15,group stage,Group H,2022-11-24,Portugal,Ghana,Stadium 974,Doha,Qatar,42662.0,44000,0,0,0,real_match_level,https://github.com/jfjelstul/worldcup,https://github.com/shreeparab1890/Fifa-WC-2022-Qatar-Data-Analysis-EDA/raw/refs/heads/main/Fifa_WC_2022_Match_data.csv
2022,2022_16,M-2022-16,group stage,Group G,2022-11-24,Brazil,Serbia,Lusail Stadium,Lusail,Qatar,88103.0,89000,0,0,0,real_match_level,https://github.com/jfjelstul/worldcup,https://github.com/shreeparab1890/Fifa-WC-2022-Qatar-Data-Analysis-EDA/raw/refs/heads/main/Fifa_WC_2022_Match_data.csv
2022,2022_17,M-2022-17,group stage,Group B,2022-11-25,Wales,Iran,Ahmad bin Ali Stadium,Al Rayyan,Qatar,40875.0,45000,0,0,0,real_match_level,https://github.com/jfjelstul/worldcup,https://github.com/shreeparab1890/Fifa-WC-2022-Qatar-Data-Analysis-EDA/raw/refs/heads/main/Fifa_WC_2022_Match_data.csv
2022,2022_18,M-2022-18,group stage,Group A,2022-11-25,Qatar,Senegal,Al Thumama Stadium,Doha,Qatar,41797.0,44000,0,0,0,real_match_level,https://github.com/jfjelstul/worldcup,https://github.com/shreeparab1890/Fifa-WC-2022-Qatar-Data-Analysis-EDA/raw/refs/heads/main/Fifa_WC_2022_Match_data.csv
2022,2022_19,M-2022-19,group stage,Group A,2022-11-25,Netherlands,Ecuador,Khalifa International Stadium,Al Rayyan,Qatar,44833.0,46000,0,0,0,real_match_level,https://github.com/jfjelstul/worldcup,https://github.com/shreeparab1890/Fifa-WC-2022-Qatar-Data-Analysis-EDA/raw/refs/heads/main/Fifa_WC_2022_Match_data.csv
2022,2022_20,M-2022-20,group stage,Group B,2022-11-25,England,United States,Al Bayt Stadium,Al Khor,Qatar,68463.0,69000,0,0,0,real_match_level,https://github.com/jfjelstul/worldcup,https://github.com/shreeparab1890/Fifa-WC-2022-Qatar-Data-Analysis-EDA/raw/refs/heads/main/Fifa_WC_2022_Match_data.csv
2022,2022_21,M-2022-21,group stage,Group D,2022-11-26,Tunisia,Australia,Al Janoub Stadium,Al Wakrah,Qatar,41823.0,44000,0,0,0,real_match_level,https://github.com/jfjelstul/worldcup,https://github.com/shreeparab1890/Fifa-WC-2022-Qatar-Data-Analysis-EDA/raw/refs/heads/main/Fifa_WC_2022_Match_data.csv
2022,2022_22,M-2022-22,group stage,Group C,2022-11-26,Poland,Saudi Arabia,Education City Stadium,Al Rayyan,Qatar,44259.0,45000,0,0,0,real_match_level,https://github.com/jfjelstul/worldcup,https://github.com/shreeparab1890/Fifa-WC-2022-Qatar-Data-Analysis-EDA/raw/refs/heads/main/Fifa_WC_2022_Match_data.csv
2022,2022_23,M-2022-23,group stage,Group D,2022-11-26,France,Denmark,Stadium 974,Doha,Qatar,42860.0,44000,0,0,0,real_match_level,https://github.com/jfjelstul/worldcup,https://github.com/shreeparab1890/Fifa-WC-2022-Qatar-Data-Analysis-EDA/raw/refs/heads/main/Fifa_WC_2022_Match_data.csv
2022,2022_24,M-2022-24,group stage,Group C,2022-11-26,Argentina,Mexico,Lusail Stadium,Lusail,Qatar,88966.0,89000,0,0,0,real_match_level,https://github.com/jfjelstul/worldcup,https://github.com/shreeparab1890/Fifa-WC-2022-Qatar-Data-Analysis-EDA/raw/refs/heads/main/Fifa_WC_2022_Match_data.csv
2022,2022_25,M-2022-25,group stage,Group E,2022-11-27,Japan,Costa Rica,Ahmad bin Ali Stadium,Al Rayyan,Qatar,41479.0,45000,0,0,0,real_match_level,https://github.com/jfjelstul/worldcup,https://github.com/shreeparab1890/Fifa-WC-2022-Qatar-Data-Analysis-EDA/raw/refs/heads/main/Fifa_WC_2022_Match_data.csv
2022,2022_26,M-2022-26,group stage,Group F,2022-11-27,Belgium,Morocco,Al Thumama Stadium,Doha,Qatar,43738.0,44000,0,0,0,real_match_level,https://github.com/jfjelstul/worldcup,https://github.com/shreeparab1890/Fifa-WC-2022-Qatar-Data-Analysis-EDA/raw/refs/heads/main/Fifa_WC_2022_Match_data.csv
2022,2022_27,M-2022-27,group stage,Group F,2022-11-27,Croatia,Canada,Khalifa International Stadium,Al Rayyan,Qatar,44374.0,46000,0,0,0,real_match_level,https://github.com/jfjelstul/worldcup,https://github.com/shreeparab1890/Fifa-WC-2022-Qatar-Data-Analysis-EDA/raw/refs/heads/main/Fifa_WC_2022_Match_data.csv
2022,2022_28,M-2022-28,group stage,Group E,2022-11-27,Spain,Germany,Al Bayt Stadium,Al Khor,Qatar,68895.0,69000,0,0,0,real_match_level,https://github.com/jfjelstul/worldcup,https://github.com/shreeparab1890/Fifa-WC-2022-Qatar-Data-Analysis-EDA/raw/refs/heads/main/Fifa_WC_2022_Match_data.csv
2022,2022_29,M-2022-29,group stage,Group G,2022-11-28,Cameroon,Serbia,Al Janoub Stadium,Al Wakrah,Qatar,39789.0,44000,0,0,0,real_match_level,https://github.com/jfjelstul/worldcup,https://github.com/shreeparab1890/Fifa-WC-2022-Qatar-Data-Analysis-EDA/raw/refs/heads/main/Fifa_WC_2022_Match_data.csv
2022,2022_30,M-2022-30,group stage,Group H,2022-11-28,South Korea,Ghana,Education City Stadium,Al Rayyan,Qatar,43983.0,45000,0,0,0,real_match_level,https://github.com/jfjelstul/worldcup,https://github.com/shreeparab1890/Fifa-WC-2022-Qatar-Data-Analysis-EDA/raw/refs/heads/main/Fifa_WC_2022_Match_data.csv
2022,2022_31,M-2022-31,group stage,Group G,2022-11-28,Brazil,Switzerland,Stadium 974,Doha,Qatar,43649.0,44000,0,0,0,real_match_level,https://github.com/jfjelstul/worldcup,https://github.com/shreeparab1890/Fifa-WC-2022-Qatar-Data-Analysis-EDA/raw/refs/heads/main/Fifa_WC_2022_Match_data.csv
2022,2022_32,M-2022-32,group stage,Group H,2022-11-28,Portugal,Uruguay,Lusail Stadium,Lusail,Qatar,88668.0,89000,0,0,0,real_match_level,https://github.com/jfjelstul/worldcup,https://github.com/shreeparab1890/Fifa-WC-2022-Qatar-Data-Analysis-EDA/raw/refs/heads/main/Fifa_WC_2022_Match_data.csv
2022,2022_33,M-2022-33,group stage,Group A,2022-11-29,Ecuador,Senegal,Khalifa International Stadium,Al Rayyan,Qatar,66784.0,46000,0,0,0,real_match_level,https://github.com/jfjelstul/worldcup,https://github.com/shreeparab1890/Fifa-WC-2022-Qatar-Data-Analysis-EDA/raw/refs/heads/main/Fifa_WC_2022_Match_data.csv
2022,2022_34,M-2022-34,group stage,Group A,2022-11-29,Netherlands,Qatar,Al Bayt Stadium,Al Khor,Qatar,44569.0,69000,0,0,0,real_match_level,https://github.com/jfjelstul/worldcup,https://github.com/shreeparab1890/Fifa-WC-2022-Qatar-Data-Analysis-EDA/raw/refs/heads/main/Fifa_WC_2022_Match_data.csv
2022,2022_35,M-2022-35,group stage,Group B,2022-11-29,Iran,United States,Al Thumama Stadium,Doha,Qatar,42127.0,44000,0,0,0,real_match_level,https://github.com/jfjelstul/worldcup,https://github.com/shreeparab1890/Fifa-WC-2022-Qatar-Data-Analysis-EDA/raw/refs/heads/main/Fifa_WC_2022_Match_data.csv
2022,2022_36,M-2022-36,group stage,Group B,2022-11-29,Wales,England,Ahmad bin Ali Stadium,Al Rayyan,Qatar,44297.0,45000,0,0,0,real_match_level,https://github.com/jfjelstul/worldcup,https://github.com/shreeparab1890/Fifa-WC-2022-Qatar-Data-Analysis-EDA/raw/refs/heads/main/Fifa_WC_2022_Match_data.csv
2022,2022_37,M-2022-37,group stage,Group D,2022-11-30,Australia,Denmark,Al Janoub Stadium,Al Wakrah,Qatar,41232.0,44000,0,0,0,real_match_level,https://github.com/jfjelstul/worldcup,https://github.com/shreeparab1890/Fifa-WC-2022-Qatar-Data-Analysis-EDA/raw/refs/heads/main/Fifa_WC_2022_Match_data.csv
2022,2022_38,M-2022-38,group stage,Group D,2022-11-30,Tunisia,France,Education City Stadium,Al Rayyan,Qatar,43627.0,45000,0,0,0,real_match_level,https://github.com/jfjelstul/worldcup,https://github.com/shreeparab1890/Fifa-WC-2022-Qatar-Data-Analysis-EDA/raw/refs/heads/main/Fifa_WC_2022_Match_data.csv
2022,2022_39,M-2022-39,group stage,Group C,2022-11-30,Poland,Argentina,Stadium 974,Doha,Qatar,84985.0,44000,0,0,0,real_match_level,https://github.com/jfjelstul/worldcup,https://github.com/shreeparab1890/Fifa-WC-2022-Qatar-Data-Analysis-EDA/raw/refs/heads/main/Fifa_WC_2022_Match_data.csv
2022,2022_40,M-2022-40,group stage,Group C,2022-11-30,Saudi Arabia,Mexico,Lusail Stadium,Lusail,Qatar,44089.0,89000,0,0,0,real_match_level,https://github.com/jfjelstul/worldcup,https://github.com/shreeparab1890/Fifa-WC-2022-Qatar-Data-Analysis-EDA/raw/refs/heads/main/Fifa_WC_2022_Match_data.csv
2022,2022_41,M-2022-41,group stage,Group F,2022-12-01,Canada,Morocco,Al Thumama Stadium,Doha,Qatar,43984.0,44000,0,0,0,real_match_level,https://github.com/jfjelstul/worldcup,https://github.com/shreeparab1890/Fifa-WC-2022-Qatar-Data-Analysis-EDA/raw/refs/heads/main/Fifa_WC_2022_Match_data.csv
2022,2022_42,M-2022-42,group stage,Group F,2022-12-01,Croatia,Belgium,Ahmad bin Ali Stadium,Al Rayyan,Qatar,43102.0,45000,0,0,0,real_match_level,https://github.com/jfjelstul/worldcup,https://github.com/shreeparab1890/Fifa-WC-2022-Qatar-Data-Analysis-EDA/raw/refs/heads/main/Fifa_WC_2022_Match_data.csv
2022,2022_43,M-2022-43,group stage,Group E,2022-12-01,Costa Rica,Germany,Al Bayt Stadium,Al Khor,Qatar,67054.0,69000,0,0,0,real_match_level,https://github.com/jfjelstul/worldcup,https://github.com/shreeparab1890/Fifa-WC-2022-Qatar-Data-Analysis-EDA/raw/refs/heads/main/Fifa_WC_2022_Match_data.csv
2022,2022_44,M-2022-44,group stage,Group E,2022-12-01,Japan,Spain,Khalifa International Stadium,Al Rayyan,Qatar,44851.0,46000,0,0,0,real_match_level,https://github.com/jfjelstul/worldcup,https://github.com/shreeparab1890/Fifa-WC-2022-Qatar-Data-Analysis-EDA/raw/refs/heads/main/Fifa_WC_2022_Match_data.csv
2022,2022_45,M-2022-45,group stage,Group H,2022-12-02,Ghana,Uruguay,Al Janoub Stadium,Al Wakrah,Qatar,43443.0,44000,0,0,0,real_match_level,https://github.com/jfjelstul/worldcup,https://github.com/shreeparab1890/Fifa-WC-2022-Qatar-Data-Analysis-EDA/raw/refs/heads/main/Fifa_WC_2022_Match_data.csv
2022,2022_46,M-2022-46,group stage,Group H,2022-12-02,South Korea,Portugal,Education City Stadium,Al Rayyan,Qatar,44097.0,45000,0,0,0,real_match_level,https://github.com/jfjelstul/worldcup,https://github.com/shreeparab1890/Fifa-WC-2022-Qatar-Data-Analysis-EDA/raw/refs/heads/main/Fifa_WC_2022_Match_data.csv
2022,2022_47,M-2022-47,group stage,Group G,2022-12-02,Cameroon,Brazil,Lusail Stadium,Lusail,Qatar,85986.0,89000,0,0,0,real_match_level,https://github.com/jfjelstul/worldcup,https://github.com/shreeparab1890/Fifa-WC-2022-Qatar-Data-Analysis-EDA/raw/refs/heads/main/Fifa_WC_2022_Match_data.csv
2022,2022_48,M-2022-48,group stage,Group G,2022-12-02,Serbia,Switzerland,Stadium 974,Doha,Qatar,41378.0,44000,0,0,0,real_match_level,https://github.com/jfjelstul/worldcup,https://github.com/shreeparab1890/Fifa-WC-2022-Qatar-Data-Analysis-EDA/raw/refs/heads/main/Fifa_WC_2022_Match_data.csv
2022,2022_49,M-2022-49,round of 16,not applicable,2022-12-03,Netherlands,United States,Khalifa International Stadium,Al Rayyan,Qatar,44846.0,46000,0,0,0,real_match_level,https://github.com/jfjelstul/worldcup,https://github.com/shreeparab1890/Fifa-WC-2022-Qatar-Data-Analysis-EDA/raw/refs/heads/main/Fifa_WC_2022_Match_data.csv
2022,2022_50,M-2022-50,round of 16,not applicable,2022-12-03,Argentina,Australia,Ahmad bin Ali Stadium,Al Rayyan,Qatar,45032.0,45000,0,0,0,real_match_level,https://github.com/jfjelstul/worldcup,https://github.com/shreeparab1890/Fifa-WC-2022-Qatar-Data-Analysis-EDA/raw/refs/heads/main/Fifa_WC_2022_Match_data.csv
2022,2022_51,M-2022-51,round of 16,not applicable,2022-12-04,France,Poland,Al Thumama Stadium,Doha,Qatar,40989.0,44000,0,0,0,real_match_level,https://github.com/jfjelstul/worldcup,https://github.com/shreeparab1890/Fifa-WC-2022-Qatar-Data-Analysis-EDA/raw/refs/heads/main/Fifa_WC_2022_Match_data.csv
2022,2022_52,M-2022-52,round of 16,not applicable,2022-12-04,England,Senegal,Al Bayt Stadium,Al Khor,Qatar,65985.0,69000,0,0,0,real_match_level,https://github.com/jfjelstul/worldcup,https://github.com/shreeparab1890/Fifa-WC-2022-Qatar-Data-Analysis-EDA/raw/refs/heads/main/Fifa_WC_2022_Match_data.csv
2022,2022_53,M-2022-53,round of 16,not applicable,2022-12-05,Japan,Croatia,Al Janoub Stadium,Al Wakrah,Qatar,42523.0,44000,0,1,1,real_match_level,https://github.com/jfjelstul/worldcup,https://github.com/shreeparab1890/Fifa-WC-2022-Qatar-Data-Analysis-EDA/raw/refs/heads/main/Fifa_WC_2022_Match_data.csv
2022,2022_54,M-2022-54,round of 16,not applicable,2022-12-05,Brazil,South Korea,Stadium 974,Doha,Qatar,43847.0,44000,0,0,0,real_match_level,https://github.com/jfjelstul/worldcup,https://github.com/shreeparab1890/Fifa-WC-2022-Qatar-Data-Analysis-EDA/raw/refs/heads/main/Fifa_WC_2022_Match_data.csv
2022,2022_55,M-2022-55,round of 16,not applicable,2022-12-06,Morocco,Spain,Education City Stadium,Al Rayyan,Qatar,44667.0,45000,0,1,1,real_match_level,https://github.com/jfjelstul/worldcup,https://github.com/shreeparab1890/Fifa-WC-2022-Qatar-Data-Analysis-EDA/raw/refs/heads/main/Fifa_WC_2022_Match_data.csv
2022,2022_56,M-2022-56,round of 16,not applicable,2022-12-06,Portugal,Switzerland,Lusail Stadium,Lusail,Qatar,83720.0,89000,0,0,0,real_match_level,https://github.com/jfjelstul/worldcup,https://github.com/shreeparab1890/Fifa-WC-2022-Qatar-Data-Analysis-EDA/raw/refs/heads/main/Fifa_WC_2022_Match_data.csv
2022,2022_57,M-2022-57,quarter-finals,not applicable,2022-12-09,Croatia,Brazil,Education City Stadium,Al Rayyan,Qatar,43893.0,45000,0,1,1,real_match_level,https://github.com/jfjelstul/worldcup,https://github.com/shreeparab1890/Fifa-WC-2022-Qatar-Data-Analysis-EDA/raw/refs/heads/main/Fifa_WC_2022_Match_data.csv
2022,2022_58,M-2022-58,quarter-finals,not applicable,2022-12-09,Netherlands,Argentina,Lusail Stadium,Lusail,Qatar,88235.0,89000,0,1,1,real_match_level,https://github.com/jfjelstul/worldcup,https://github.com/shreeparab1890/Fifa-WC-2022-Qatar-Data-Analysis-EDA/raw/refs/heads/main/Fifa_WC_2022_Match_data.csv
2022,2022_59,M-2022-59,quarter-finals,not applicable,2022-12-10,Morocco,Portugal,Al Thumama Stadium,Doha,Qatar,44198.0,44000,0,0,0,real_match_level,https://github.com/jfjelstul/worldcup,https://github.com/shreeparab1890/Fifa-WC-2022-Qatar-Data-Analysis-EDA/raw/refs/heads/main/Fifa_WC_2022_Match_data.csv
2022,2022_60,M-2022-60,quarter-finals,not applicable,2022-12-10,England,France,Al Bayt Stadium,Al Khor,Qatar,68895.0,69000,0,0,0,real_match_level,https://github.com/jfjelstul/worldcup,https://github.com/shreeparab1890/Fifa-WC-2022-Qatar-Data-Analysis-EDA/raw/refs/heads/main/Fifa_WC_2022_Match_data.csv
2022,2022_61,M-2022-61,semi-finals,not applicable,2022-12-13,Argentina,Croatia,Lusail Stadium,Lusail,Qatar,88966.0,89000,0,0,0,real_match_level,https://github.com/jfjelstul/worldcup,https://github.com/shreeparab1890/Fifa-WC-2022-Qatar-Data-Analysis-EDA/raw/refs/heads/main/Fifa_WC_2022_Match_data.csv
2022,2022_62,M-2022-62,semi-finals,not applicable,2022-12-14,France,Morocco,Al Bayt Stadium,Al Khor,Qatar,68294.0,69000,0,0,0,real_match_level,https://github.com/jfjelstul/worldcup,https://github.com/shreeparab1890/Fifa-WC-2022-Qatar-Data-Analysis-EDA/raw/refs/heads/main/Fifa_WC_2022_Match_data.csv
2022,2022_63,M-2022-63,third-place match,not applicable,2022-12-17,Croatia,Morocco,Khalifa International Stadium,Al Rayyan,Qatar,44137.0,46000,0,0,0,real_match_level,https://github.com/jfjelstul/worldcup,https://github.com/shreeparab1890/Fifa-WC-2022-Qatar-Data-Analysis-EDA/raw/refs/heads/main/Fifa_WC_2022_Match_data.csv
2022,2022_64,M-2022-64,final,not applicable,2022-12-18,Argentina,France,Lusail Stadium,Lusail,Qatar,88966.0,89000,0,1,1,real_match_level,https://github.com/jfjelstul/worldcup,https://github.com/shreeparab1890/Fifa-WC-2022-Qatar-Data-Analysis-EDA/raw/refs/heads/main/Fifa_WC_2022_Match_data.csv
